time,fps,food,herbivores,predators,ratio,pMeanSize,pMeanSpeed,pMeanAgility,pMeanPerception,hMeanSize,hMeanSpeed,hMeanAgility,hMeanPerception
1,60.024,1145,499,20,24.95,1.079,2.691,1.164,97.149,1.103,2.761,1.122,84.022
2,60.024,1218,497,19,26.158,1.102,2.762,1.15,95.089,1.105,2.765,1.123,83.814
3.02,60.024,1317,493,18,27.389,1.128,2.814,1.146,93.912,1.108,2.771,1.124,83.554
4.02,60.024,1392,486,17,28.588,1.159,2.827,1.13,96.173,1.114,2.785,1.126,83.621
5.02,60.024,1449,517,17,30.412,1.159,2.827,1.13,96.173,1.122,2.807,1.125,83.015
6.03,60.024,1519,536,17,31.529,1.22,2.815,1.167,93.467,1.125,2.811,1.125,82.934
7.04,60.024,1565,556,16,34.75,1.237,2.77,1.172,91.141,1.129,2.828,1.127,82.996
8.05,60.024,1591,575,16,35.938,1.237,2.77,1.172,91.141,1.141,2.838,1.127,83.094
9.05,60.024,1616,600,15,40,1.25,2.782,1.162,89.848,1.145,2.852,1.127,82.85
10.07,60.024,1612,612,13,47.077,1.288,2.884,1.15,88.088,1.149,2.85,1.128,82.906
11.07,60.024,1607,634,12,52.833,1.321,2.889,1.183,84.544,1.147,2.861,1.128,83.272
12.09,59.952,1584,648,11,58.909,1.351,2.956,1.21,85.446,1.15,2.872,1.131,82.778
13.1,59.952,1563,665,11,60.455,1.351,2.956,1.21,85.446,1.154,2.886,1.131,83.187
14.12,60.024,1539,680,11,61.818,1.351,2.956,1.21,85.446,1.157,2.889,1.127,83.075
15.12,59.952,1515,701,11,63.727,1.351,2.956,1.21,85.446,1.158,2.904,1.129,82.562
16.14,60.024,1460,723,12,60.25,1.361,3.017,1.238,88.896,1.161,2.927,1.13,82.011
17.14,60.024,1418,740,12,61.667,1.361,3.017,1.238,88.896,1.166,2.926,1.132,81.66
18.14,59.952,1367,757,12,63.083,1.361,3.017,1.238,88.896,1.171,2.938,1.134,81.759
19.15,60.024,1312,777,11,70.636,1.362,3.097,1.233,91.426,1.173,2.963,1.134,81.618
20.17,60.024,1289,792,10,79.2,1.394,3.181,1.26,92.177,1.174,2.963,1.136,81.52
21.17,60.024,1275,810,10,81,1.394,3.181,1.26,92.177,1.176,2.982,1.135,81.221
22.18,60.024,1225,826,12,68.833,1.371,3.211,1.267,86.191,1.178,2.979,1.135,80.85
23.18,60.024,1211,834,12,69.5,1.371,3.211,1.267,86.191,1.185,2.991,1.134,80.835
24.19,60.024,1160,848,12,70.667,1.371,3.211,1.267,86.191,1.186,3.002,1.135,80.468
25.2,60.024,1144,879,13,67.615,1.374,3.127,1.281,82.449,1.192,3.01,1.138,80.472
26.22,59.952,1104,900,14,64.286,1.38,3.167,1.3,85.62,1.196,3.024,1.137,80.171
27.23,59.952,1052,913,14,65.214,1.38,3.167,1.3,85.62,1.197,3.028,1.139,80.069
28.24,59.952,1011,936,13,72,1.391,3.089,1.353,84.856,1.201,3.033,1.139,80.132
29.25,59.952,972,950,13,73.077,1.391,3.089,1.353,84.856,1.199,3.046,1.14,80.051
30.25,59.952,897,975,12,81.25,1.409,3.025,1.354,85.721,1.201,3.06,1.141,80.238
31.26,59.952,872,993,12,82.75,1.409,3.025,1.354,85.721,1.203,3.06,1.142,79.821
32.27,59.952,827,1012,12,84.333,1.409,3.025,1.354,85.721,1.202,3.073,1.145,79.693
33.27,59.952,796,1029,13,79.154,1.414,2.988,1.345,88.097,1.205,3.08,1.146,79.815
34.28,59.952,736,1058,13,81.385,1.414,2.988,1.345,88.097,1.209,3.089,1.146,79.699
35.29,59.952,749,1073,13,82.538,1.414,2.988,1.345,88.097,1.211,3.093,1.149,79.551
36.3,60.024,690,1100,12,91.667,1.42,3.059,1.349,90.35,1.211,3.097,1.151,79.451
37.32,60.024,664,1103,12,91.917,1.42,3.059,1.349,90.35,1.215,3.106,1.156,79.631
38.34,60.024,637,1115,11,101.364,1.428,3.076,1.357,95.106,1.217,3.118,1.16,79.558
39.35,60.024,614,1136,11,103.273,1.428,3.076,1.357,95.106,1.218,3.129,1.162,79.456
40.35,60.024,589,1141,14,81.5,1.437,3.048,1.355,94.832,1.223,3.14,1.161,79.524
41.37,60.024,554,1159,14,82.786,1.438,3.116,1.307,100.575,1.225,3.146,1.165,79.687
42.37,60.024,545,1171,14,83.643,1.438,3.116,1.307,100.575,1.226,3.156,1.168,79.682
43.38,60.024,551,1193,14,85.214,1.438,3.116,1.307,100.575,1.227,3.157,1.169,79.755
44.4,59.952,554,1215,14,86.786,1.438,3.116,1.307,100.575,1.229,3.168,1.17,80.326
45.4,59.952,541,1230,15,82,1.446,3.049,1.316,96.374,1.232,3.167,1.173,80.311
46.4,60.024,528,1238,14,88.429,1.444,3.086,1.323,94.928,1.235,3.177,1.176,80.186
47.41,60.024,525,1259,14,89.929,1.444,3.086,1.323,94.928,1.236,3.181,1.178,80.477
48.42,60.024,507,1269,14,90.643,1.444,3.086,1.323,94.928,1.237,3.186,1.18,80.784
49.42,60.024,499,1270,12,105.833,1.444,3.037,1.349,90.35,1.239,3.184,1.183,80.565
50.43,59.952,502,1273,13,97.923,1.445,3.059,1.364,93.157,1.24,3.202,1.187,80.469
51.44,60.024,499,1284,13,98.769,1.445,3.059,1.364,93.157,1.241,3.21,1.186,80.28
52.45,59.952,480,1295,13,99.615,1.445,3.059,1.364,93.157,1.24,3.218,1.188,80.189
53.45,59.952,498,1291,11,117.364,1.472,2.986,1.42,92.601,1.241,3.226,1.189,80.065
54.47,59.952,454,1305,12,108.75,1.472,3.045,1.43,95.455,1.244,3.222,1.191,80.069
55.48,60.024,477,1310,13,100.769,1.471,3.094,1.439,96.894,1.245,3.228,1.192,80.149
56.49,59.952,477,1293,13,99.462,1.471,3.094,1.439,96.894,1.245,3.237,1.195,80.255
57.49,59.952,461,1297,14,92.643,1.48,3.078,1.435,92.69,1.244,3.248,1.197,80.113
58.5,60.024,473,1295,15,86.333,1.476,3.014,1.437,89.014,1.245,3.255,1.202,80.163
59.51,60.024,474,1307,15,87.133,1.476,3.014,1.437,89.014,1.246,3.258,1.203,80.468
60.52,59.952,452,1325,15,88.333,1.476,3.014,1.437,89.014,1.245,3.263,1.204,80.55
61.52,59.952,443,1326,16,82.875,1.475,3.056,1.443,91.378,1.246,3.268,1.205,80.813
62.52,30.012,454,1333,16,83.313,1.475,3.056,1.443,91.378,1.247,3.273,1.206,81.155
63.53,30.012,458,1338,16,83.625,1.475,3.056,1.443,91.378,1.245,3.276,1.209,81.34
64.55,60.024,448,1331,16,83.188,1.475,3.056,1.443,91.378,1.247,3.283,1.212,81.358
65.56,59.952,453,1337,16,83.563,1.475,3.056,1.443,91.378,1.248,3.287,1.214,81.37
66.56,29.994,445,1334,16,83.375,1.475,3.056,1.443,91.378,1.248,3.299,1.216,81.63
67.58,29.994,437,1323,18,73.5,1.474,3.105,1.454,95.319,1.25,3.306,1.22,81.814
68.59,60.024,435,1312,21,62.476,1.473,3.149,1.454,95.593,1.252,3.31,1.223,81.852
69.59,60.024,458,1305,22,59.318,1.479,3.137,1.451,92.977,1.253,3.315,1.222,82.082
70.61,60.024,463,1298,22,59,1.479,3.137,1.451,92.977,1.254,3.33,1.224,82.126
71.62,60.024,438,1288,22,58.545,1.479,3.137,1.451,92.977,1.256,3.332,1.226,82.124
72.62,60.024,438,1287,22,58.5,1.479,3.137,1.451,92.977,1.255,3.342,1.229,82.092
73.63,30.012,421,1276,23,55.478,1.479,3.16,1.455,94.449,1.256,3.348,1.234,82.318
74.63,60.024,427,1265,23,55,1.479,3.16,1.455,94.449,1.257,3.347,1.235,82.68
75.65,59.952,463,1260,24,52.5,1.478,3.182,1.459,95.271,1.257,3.354,1.238,82.8
76.66,60.024,450,1263,25,50.52,1.478,3.156,1.45,96.124,1.257,3.359,1.239,83.175
77.68,60.024,453,1257,26,48.346,1.477,3.177,1.453,96.818,1.258,3.36,1.241,83.243
78.69,60.024,451,1236,29,42.621,1.476,3.201,1.448,96.731,1.258,3.365,1.24,83.442
79.7,60.024,450,1221,29,42.103,1.476,3.201,1.448,96.731,1.258,3.371,1.241,83.48
80.71,60.024,459,1219,31,39.323,1.474,3.177,1.451,95.793,1.26,3.374,1.245,83.673
81.72,60.024,466,1222,31,39.419,1.474,3.177,1.451,95.793,1.257,3.382,1.249,83.859
82.73,60.024,442,1221,31,39.387,1.474,3.177,1.451,95.793,1.257,3.389,1.251,84.405
83.75,60.024,426,1220,32,38.125,1.474,3.193,1.454,96.763,1.257,3.397,1.253,84.797
84.76,29.994,454,1221,33,37,1.473,3.219,1.457,97.29,1.257,3.403,1.255,85.018
85.77,30.012,460,1219,35,34.829,1.477,3.202,1.453,98.687,1.255,3.409,1.258,85.146
86.79,29.994,472,1224,36,34,1.477,3.205,1.455,99.469,1.256,3.414,1.26,85.281
87.8,30.012,456,1230,37,33.243,1.476,3.218,1.453,100.209,1.255,3.423,1.261,85.217
88.81,59.952,463,1220,37,32.973,1.476,3.218,1.453,100.209,1.255,3.426,1.261,85.449
89.82,60.024,473,1228,38,32.316,1.476,3.231,1.456,100.576,1.252,3.437,1.264,85.695
90.83,60.024,472,1218,38,32.053,1.476,3.231,1.456,100.576,1.252,3.442,1.266,85.867
91.85,60.024,494,1208,39,30.974,1.472,3.252,1.458,101.249,1.252,3.444,1.27,85.932
92.86,60.024,478,1208,40,30.2,1.472,3.253,1.46,101.889,1.254,3.449,1.271,86.219
93.87,60.024,477,1198,41,29.22,1.472,3.244,1.455,100.332,1.253,3.458,1.273,86.292
94.88,60.024,485,1190,43,27.674,1.474,3.228,1.457,99.193,1.253,3.46,1.274,86.409
95.89,60.024,483,1179,43,27.419,1.474,3.228,1.457,99.193,1.253,3.473,1.276,86.506
96.9,60.024,465,1182,45,26.267,1.476,3.267,1.467,102.198,1.255,3.478,1.278,86.547
97.92,59.952,477,1183,48,24.646,1.474,3.26,1.467,101.879,1.255,3.479,1.278,86.859
98.94,59.952,474,1190,49,24.286,1.474,3.276,1.469,100.784,1.253,3.483,1.281,86.715
99.95,60.024,455,1179,50,23.58,1.474,3.277,1.471,101.306,1.254,3.485,1.283,86.834
100.97,60.024,487,1170,50,23.4,1.474,3.277,1.471,101.306,1.253,3.493,1.287,86.943
101.98,60.024,501,1166,52,22.423,1.477,3.28,1.466,102.1,1.251,3.497,1.292,86.878
102.98,60.024,494,1153,53,21.755,1.477,3.281,1.468,102.567,1.255,3.501,1.294,87.076
103.98,60.024,529,1149,54,21.278,1.477,3.289,1.469,102.782,1.25,3.511,1.297,87.178
104.98,60.024,522,1147,58,19.776,1.476,3.275,1.468,101.152,1.251,3.518,1.3,87.096
105.98,60.024,508,1146,59,19.424,1.475,3.282,1.469,101.587,1.25,3.531,1.301,87.253
107.01,29.994,508,1143,62,18.435,1.477,3.29,1.47,102.809,1.249,3.542,1.302,87.52
108.03,60.024,493,1147,62,18.5,1.477,3.29,1.47,102.809,1.248,3.551,1.302,87.861
109.04,60.024,503,1148,63,18.222,1.477,3.289,1.465,101.781,1.249,3.555,1.303,88.012
110.05,59.952,487,1138,65,17.508,1.477,3.284,1.462,102.2,1.248,3.562,1.305,88.215
111.05,60.024,498,1119,68,16.456,1.476,3.266,1.458,100.668,1.25,3.563,1.306,88.324
112.05,60.024,488,1101,69,15.957,1.476,3.273,1.463,100.863,1.251,3.572,1.307,88.441
113.07,60.024,492,1094,69,15.855,1.476,3.273,1.463,100.863,1.25,3.58,1.31,88.25
114.09,59.952,487,1081,66,16.379,1.476,3.254,1.459,99.683,1.251,3.581,1.311,88.34
115.09,59.952,517,1078,69,15.623,1.479,3.261,1.46,99.209,1.251,3.584,1.313,88.339
116.09,60.024,538,1074,70,15.343,1.479,3.272,1.461,99.422,1.25,3.596,1.315,88.445
117.1,29.994,543,1064,72,14.778,1.479,3.272,1.458,98.951,1.25,3.607,1.319,88.803
118.11,59.952,571,1053,74,14.23,1.479,3.23,1.454,96.091,1.251,3.606,1.323,88.643
119.11,59.952,566,1051,75,14.013,1.482,3.257,1.456,97.523,1.25,3.609,1.326,88.578
120.12,29.994,550,1036,74,14,1.484,3.251,1.455,96.955,1.252,3.613,1.328,88.907
121.13,59.952,538,1024,76,13.474,1.485,3.252,1.453,96.573,1.251,3.626,1.331,88.982
122.14,60.024,540,1019,76,13.408,1.483,3.236,1.452,95.248,1.25,3.637,1.332,89.456
123.15,60.024,531,1018,77,13.221,1.482,3.242,1.453,95.658,1.248,3.644,1.334,89.635
124.15,60.024,558,1021,78,13.09,1.482,3.243,1.453,96.058,1.245,3.653,1.337,89.54
125.16,60.024,559,1011,80,12.637,1.483,3.229,1.447,95.59,1.246,3.663,1.338,89.77
126.16,60.024,567,1019,82,12.427,1.483,3.217,1.443,94.186,1.245,3.676,1.34,90.046
127.18,60.024,559,1014,83,12.217,1.483,3.213,1.439,93.357,1.243,3.682,1.342,90.258
128.19,29.994,562,1010,85,11.882,1.482,3.196,1.436,92.094,1.242,3.692,1.342,90.385
129.2,60.024,563,1010,87,11.609,1.483,3.183,1.435,90.992,1.243,3.699,1.343,90.545
130.22,29.994,560,1002,87,11.517,1.483,3.183,1.434,90.992,1.241,3.703,1.346,90.749
131.22,59.952,581,997,87,11.46,1.483,3.174,1.43,90.248,1.24,3.717,1.349,90.725
132.22,60.024,585,991,86,11.523,1.482,3.177,1.431,90.707,1.239,3.722,1.355,90.699
133.22,30.012,567,992,86,11.535,1.483,3.153,1.43,90.588,1.239,3.73,1.357,90.673
134.25,15.002,584,998,88,11.341,1.483,3.152,1.427,90.547,1.239,3.735,1.358,90.684
135.25,60.024,561,1004,89,11.281,1.488,3.15,1.429,90.813,1.24,3.748,1.36,90.963
136.27,60.024,565,1010,91,11.099,1.487,3.131,1.428,89.829,1.24,3.756,1.362,91.285
137.3,60.024,575,1007,92,10.946,1.486,3.141,1.431,88.661,1.238,3.761,1.364,91.154
138.32,60.024,576,1009,93,10.849,1.485,3.147,1.432,89.071,1.236,3.767,1.367,91.362
139.33,59.952,589,1008,94,10.723,1.484,3.152,1.433,89.473,1.234,3.769,1.368,91.346
140.34,29.994,594,1001,95,10.537,1.483,3.158,1.433,89.866,1.235,3.773,1.368,91.499
141.34,60.024,602,1006,96,10.479,1.483,3.147,1.434,89.454,1.234,3.774,1.37,91.469
142.35,59.952,598,1017,98,10.378,1.483,3.122,1.43,88.295,1.233,3.779,1.372,91.342
143.38,59.952,613,1008,100,10.08,1.482,3.129,1.432,88.939,1.233,3.781,1.373,91.32
144.38,60.024,605,1003,102,9.833,1.483,3.14,1.436,89.682,1.232,3.783,1.376,90.985
145.4,30.012,585,998,105,9.505,1.483,3.148,1.437,89.657,1.229,3.794,1.377,91.141
146.42,60.024,587,996,106,9.396,1.483,3.164,1.439,90.104,1.23,3.787,1.378,91.2
147.43,60.024,610,981,109,9,1.482,3.171,1.438,90.417,1.23,3.791,1.378,91.119
148.43,60.024,636,969,109,8.89,1.482,3.16,1.437,89.521,1.232,3.799,1.381,91.194
149.44,30.012,639,974,111,8.775,1.481,3.169,1.439,90.079,1.234,3.803,1.382,91.115
150.45,60.024,639,976,110,8.873,1.481,3.172,1.44,90.552,1.233,3.81,1.385,91.159
151.46,59.952,644,965,114,8.465,1.48,3.179,1.443,91.042,1.233,3.816,1.387,91.13
152.47,60.024,625,961,115,8.357,1.478,3.183,1.443,91.353,1.235,3.818,1.387,91.222
153.49,59.952,638,951,114,8.342,1.476,3.188,1.442,90.931,1.234,3.829,1.388,91.337
154.51,29.994,659,952,117,8.137,1.474,3.178,1.442,90.438,1.234,3.834,1.39,91.443
155.52,30.012,662,950,117,8.12,1.474,3.165,1.439,90.242,1.236,3.836,1.391,91.912
156.53,60.024,645,943,120,7.858,1.475,3.156,1.438,89.599,1.233,3.843,1.393,92.073
157.53,60.024,670,943,121,7.793,1.475,3.16,1.438,89.907,1.233,3.852,1.393,92.116
158.54,29.994,675,937,121,7.744,1.476,3.156,1.437,89.173,1.231,3.856,1.395,92.251
159.54,60.024,676,935,123,7.602,1.474,3.174,1.439,90.511,1.232,3.856,1.395,92.318
160.56,30.012,658,922,127,7.26,1.473,3.161,1.437,90.113,1.234,3.857,1.399,92.114
161.57,60.024,673,922,129,7.147,1.474,3.145,1.434,88.741,1.233,3.86,1.401,92.133
162.59,59.952,662,917,133,6.895,1.474,3.142,1.431,87.913,1.233,3.867,1.4,92.318
163.6,60.024,678,915,134,6.828,1.475,3.136,1.43,86.878,1.235,3.877,1.403,92.385
164.62,59.952,700,905,133,6.805,1.475,3.132,1.429,86.577,1.235,3.883,1.408,92.422
165.63,60.024,655,910,133,6.842,1.474,3.144,1.428,86.962,1.236,3.882,1.409,92.09
166.65,60.024,671,910,134,6.791,1.473,3.142,1.426,86.408,1.234,3.886,1.411,92.022
167.66,60.024,701,907,132,6.871,1.47,3.144,1.423,85.229,1.234,3.893,1.414,92.083
168.66,60.024,703,910,132,6.894,1.471,3.141,1.421,84.556,1.233,3.897,1.416,92.392
169.67,30.012,722,916,132,6.939,1.471,3.141,1.421,84.556,1.233,3.9,1.417,92.611
170.68,60.024,732,914,134,6.821,1.471,3.14,1.419,84.553,1.234,3.905,1.419,92.869
171.69,30.012,729,923,135,6.837,1.471,3.142,1.423,85.345,1.231,3.909,1.421,92.891
172.7,60.024,720,916,132,6.939,1.47,3.148,1.423,85.249,1.23,3.909,1.422,93.024
173.7,60.024,753,919,131,7.015,1.472,3.133,1.421,84.447,1.229,3.91,1.424,92.954
174.71,60.024,752,927,128,7.242,1.472,3.139,1.423,83.841,1.228,3.909,1.426,92.824
175.73,60.024,760,940,129,7.287,1.473,3.143,1.425,84.066,1.227,3.914,1.427,92.835
176.75,60.024,762,936,129,7.256,1.473,3.143,1.425,84.066,1.226,3.911,1.426,92.533
177.76,60.024,763,929,124,7.492,1.472,3.122,1.424,82.341,1.226,3.915,1.428,92.949
178.78,59.952,749,920,123,7.48,1.472,3.124,1.422,82.087,1.224,3.921,1.431,93.083
179.78,59.952,739,923,123,7.504,1.468,3.134,1.422,83.245,1.224,3.927,1.431,93.188
180.79,59.952,726,931,123,7.569,1.469,3.137,1.421,83.249,1.221,3.933,1.433,93.048
181.81,60.024,735,937,125,7.496,1.47,3.137,1.424,84.048,1.224,3.934,1.432,92.839
182.82,59.952,740,938,123,7.626,1.47,3.14,1.423,84.088,1.224,3.937,1.433,92.868
183.83,60.024,738,936,121,7.736,1.468,3.144,1.425,84.004,1.224,3.938,1.435,92.948
184.85,60.024,717,942,117,8.051,1.469,3.155,1.43,85.548,1.224,3.942,1.436,92.793
185.86,60.024,725,945,117,8.077,1.469,3.155,1.43,85.548,1.225,3.946,1.438,92.875
186.87,60.024,710,954,118,8.085,1.47,3.158,1.428,84.966,1.226,3.944,1.438,92.938
187.88,30.012,710,953,118,8.076,1.47,3.158,1.429,84.966,1.227,3.947,1.438,93.101
188.89,30.012,689,954,116,8.224,1.471,3.156,1.429,85.119,1.227,3.952,1.44,93.189
189.89,30.012,678,944,114,8.281,1.472,3.168,1.431,85.949,1.225,3.953,1.441,92.956
190.9,60.024,683,954,113,8.442,1.474,3.171,1.432,86.486,1.225,3.953,1.439,92.855
191.91,60.024,674,953,112,8.509,1.474,3.184,1.437,88.391,1.223,3.958,1.441,92.867
192.92,29.994,675,953,116,8.216,1.473,3.187,1.436,88.218,1.222,3.961,1.443,93.043
193.94,60.024,663,953,117,8.145,1.471,3.192,1.436,88.538,1.223,3.965,1.443,93.165
194.95,59.952,655,957,116,8.25,1.472,3.186,1.438,88.171,1.224,3.965,1.443,93.143
195.98,60.024,656,958,117,8.188,1.473,3.191,1.442,89.26,1.224,3.967,1.445,93.274
196.99,60.024,671,956,119,8.034,1.475,3.191,1.444,89.227,1.223,3.964,1.446,93.092
198.01,60.024,671,953,120,7.942,1.474,3.201,1.439,89.545,1.223,3.968,1.447,93.193
199.01,60.024,671,948,121,7.835,1.474,3.2,1.436,89.151,1.225,3.968,1.447,92.931
200.03,30.012,691,946,121,7.818,1.473,3.207,1.438,89.78,1.226,3.971,1.446,93.029
201.03,29.994,649,950,119,7.983,1.474,3.196,1.438,89.711,1.228,3.976,1.447,92.971
202.04,59.952,649,950,121,7.851,1.475,3.201,1.44,90.115,1.227,3.982,1.449,93.308
203.05,60.024,674,944,120,7.867,1.474,3.203,1.44,89.809,1.229,3.983,1.449,92.984
204.06,60.024,689,939,118,7.958,1.473,3.202,1.439,90.041,1.228,3.983,1.451,92.762
205.08,60.024,667,942,118,7.983,1.473,3.198,1.437,89.288,1.23,3.983,1.451,92.735
206.1,60.024,633,945,121,7.81,1.472,3.189,1.434,88.667,1.229,3.991,1.453,92.516
207.1,60.024,642,948,124,7.645,1.472,3.185,1.436,89.693,1.227,3.993,1.454,92.923
208.11,60.024,632,949,123,7.715,1.471,3.193,1.434,89.333,1.227,3.995,1.456,92.905
209.14,60.024,653,948,120,7.9,1.471,3.181,1.429,88.712,1.227,3.998,1.457,92.786
210.15,29.994,636,952,120,7.933,1.469,3.181,1.428,88.744,1.227,3.999,1.458,92.955
211.16,59.952,623,949,118,8.042,1.47,3.182,1.426,88.994,1.226,4.004,1.459,93.013
212.16,60.024,589,947,116,8.164,1.464,3.174,1.423,88.342,1.226,4.007,1.46,93.214
213.17,60.024,575,943,116,8.129,1.463,3.156,1.416,86.184,1.226,4.013,1.461,93.535
214.19,29.994,583,954,117,8.154,1.467,3.151,1.416,85.772,1.224,4.013,1.463,93.351
215.21,60.024,588,964,119,8.101,1.469,3.151,1.416,85.578,1.225,4.01,1.462,93.13
216.21,60.024,583,966,117,8.256,1.468,3.142,1.413,84.872,1.226,4.012,1.463,92.957
217.22,59.952,586,967,116,8.336,1.468,3.136,1.41,83.745,1.225,4.017,1.463,92.849
218.23,60.024,595,966,114,8.474,1.47,3.119,1.401,81.353,1.223,4.019,1.464,93.232
219.23,59.952,605,971,115,8.443,1.469,3.124,1.404,81.638,1.224,4.02,1.464,93.248
220.23,59.952,617,969,116,8.353,1.471,3.126,1.406,81.809,1.223,4.02,1.466,92.978
221.25,60.024,631,950,122,7.787,1.468,3.104,1.398,80.91,1.223,4.02,1.466,93.126
222.25,59.952,616,934,123,7.593,1.468,3.103,1.396,80.562,1.225,4.02,1.467,93.278
223.26,60.024,614,938,122,7.689,1.468,3.09,1.39,78.83,1.224,4.026,1.467,93.453
224.28,60.024,643,939,123,7.634,1.467,3.091,1.388,78.53,1.226,4.025,1.466,93.409
225.31,60.024,634,943,122,7.73,1.466,3.086,1.389,78.103,1.226,4.022,1.466,93.298
226.31,59.952,607,943,123,7.667,1.468,3.106,1.396,79.067,1.226,4.027,1.467,93.55
227.34,29.994,614,946,124,7.629,1.469,3.108,1.398,79.953,1.225,4.031,1.467,93.556
228.35,60.024,639,956,127,7.528,1.47,3.116,1.401,80.961,1.225,4.033,1.467,93.497
229.35,30.012,642,956,129,7.411,1.471,3.112,1.4,80.236,1.226,4.034,1.469,93.808
230.35,30.012,632,945,131,7.214,1.469,3.12,1.402,80.813,1.224,4.043,1.47,93.916
231.36,60.024,648,942,131,7.191,1.468,3.117,1.399,80.164,1.226,4.042,1.47,93.895
232.38,60.024,629,943,134,7.037,1.467,3.111,1.401,79.88,1.226,4.039,1.47,93.883
233.39,60.024,624,927,141,6.574,1.471,3.118,1.405,81.419,1.225,4.034,1.471,93.614
234.4,30.012,650,924,139,6.647,1.471,3.127,1.409,82.619,1.222,4.039,1.471,93.388
235.41,60.024,645,927,140,6.621,1.471,3.124,1.406,81.784,1.22,4.041,1.472,93.167
236.41,60.024,655,916,133,6.887,1.474,3.114,1.409,81.249,1.221,4.045,1.472,93.134
237.45,20,678,920,132,6.97,1.476,3.121,1.408,81.503,1.221,4.045,1.475,93.282
238.47,30.012,675,923,131,7.046,1.478,3.11,1.405,80.586,1.222,4.047,1.476,93.386
239.47,59.952,670,923,130,7.1,1.478,3.122,1.411,81.43,1.224,4.047,1.477,93.59
240.48,60.024,651,920,130,7.077,1.482,3.117,1.415,81.505,1.223,4.048,1.479,93.523
241.49,60.024,669,912,130,7.015,1.481,3.104,1.408,79.661,1.222,4.048,1.478,93.553
242.5,29.994,659,907,129,7.031,1.48,3.099,1.407,79.364,1.22,4.051,1.479,93.801
243.52,60.024,632,908,128,7.094,1.481,3.104,1.406,79.79,1.22,4.058,1.481,93.843
244.54,60.024,631,913,129,7.078,1.479,3.118,1.408,80.866,1.22,4.058,1.481,93.671
245.55,30.012,657,917,130,7.054,1.48,3.097,1.402,80.664,1.22,4.064,1.482,93.836
246.55,60.024,648,920,133,6.917,1.48,3.099,1.403,80.94,1.218,4.064,1.483,93.749
247.55,60.024,643,910,131,6.947,1.482,3.091,1.405,81.227,1.221,4.066,1.483,93.914
248.56,60.024,636,910,131,6.947,1.481,3.075,1.404,79.896,1.219,4.062,1.484,93.768
249.58,59.952,681,910,129,7.054,1.482,3.072,1.406,80.014,1.221,4.065,1.484,93.924
250.59,59.952,695,895,130,6.885,1.481,3.08,1.408,80.872,1.221,4.064,1.485,93.942
251.61,60.024,685,899,129,6.969,1.48,3.08,1.408,81.204,1.222,4.063,1.485,93.758
252.63,60.024,697,903,129,7,1.479,3.074,1.41,81.794,1.221,4.064,1.486,93.693
253.63,60.024,669,898,133,6.752,1.476,3.084,1.412,82.195,1.223,4.062,1.486,93.809
254.64,60.024,679,897,128,7.008,1.477,3.073,1.41,82.136,1.223,4.06,1.485,93.678
255.65,60.024,666,893,128,6.977,1.477,3.039,1.408,80.245,1.222,4.056,1.486,93.494
256.66,60.024,663,904,123,7.35,1.478,3.048,1.412,81.139,1.222,4.06,1.487,93.456
257.67,60.024,677,900,125,7.2,1.478,3.049,1.412,81.13,1.22,4.063,1.486,93.487
258.68,60.024,681,903,125,7.224,1.48,3.043,1.413,81.13,1.22,4.063,1.486,93.053
259.69,60.024,652,901,122,7.385,1.482,3.041,1.414,81.659,1.22,4.065,1.486,93.144
260.71,59.952,660,895,120,7.458,1.481,3.034,1.411,81.012,1.219,4.064,1.486,93.269
261.73,60.024,658,896,115,7.791,1.48,3.032,1.411,80.09,1.219,4.066,1.487,93.415
262.73,59.952,664,891,116,7.681,1.48,3.022,1.412,79.755,1.222,4.066,1.489,93.515
263.73,59.952,652,906,121,7.488,1.48,3.047,1.417,81.492,1.222,4.062,1.487,93.236
264.74,59.952,658,916,118,7.763,1.48,3.046,1.416,81.263,1.221,4.063,1.487,93.352
265.75,59.952,655,916,119,7.697,1.484,3.042,1.42,80.713,1.222,4.063,1.486,93.29
266.76,60.024,641,916,116,7.897,1.487,3.028,1.417,79.728,1.22,4.065,1.487,93.141
267.77,60.024,624,903,116,7.784,1.486,3.027,1.419,80.596,1.222,4.066,1.487,92.967
268.79,60.024,643,916,117,7.829,1.486,3.025,1.418,80.232,1.222,4.069,1.489,93.066
269.8,60.024,645,913,120,7.608,1.487,3.015,1.417,79.173,1.224,4.068,1.49,93.067
270.81,60.024,629,914,119,7.681,1.487,3.006,1.416,78.772,1.226,4.071,1.491,93.247
271.82,60.024,640,920,120,7.667,1.485,3.009,1.417,79.268,1.224,4.071,1.49,93.343
272.83,60.024,673,910,123,7.398,1.482,2.998,1.417,79.221,1.224,4.071,1.49,93.148
273.83,60.024,637,914,125,7.312,1.483,2.993,1.415,79.334,1.224,4.072,1.49,93.06
274.84,60.024,637,928,128,7.25,1.484,3.004,1.417,79.757,1.224,4.071,1.489,93.066
275.85,29.994,655,925,129,7.171,1.486,3.001,1.418,80.122,1.225,4.072,1.49,93.19
276.85,30.012,643,911,130,7.008,1.486,3.012,1.419,80.481,1.226,4.076,1.492,93.06
277.85,60.024,635,903,130,6.946,1.486,3.006,1.418,80.403,1.228,4.074,1.493,93.29
278.85,30.012,639,893,129,6.922,1.485,2.988,1.414,79.551,1.229,4.073,1.492,93.161
279.86,60.024,628,906,129,7.023,1.486,2.993,1.414,79.649,1.229,4.072,1.493,93.035
280.86,60.024,668,907,127,7.142,1.482,2.993,1.408,78.007,1.231,4.072,1.493,93.187
281.86,60.024,663,908,126,7.206,1.481,2.992,1.408,78.324,1.23,4.073,1.494,93.032
282.88,60.024,673,918,129,7.116,1.48,2.983,1.404,76.797,1.232,4.075,1.494,93.178
283.88,30.012,654,907,130,6.977,1.481,2.99,1.405,77.211,1.232,4.078,1.495,92.96
284.88,30.012,659,910,134,6.791,1.482,2.985,1.402,76.27,1.232,4.079,1.495,92.922
285.89,60.024,664,911,137,6.65,1.482,2.983,1.401,76.077,1.233,4.081,1.497,92.845
286.91,60.024,674,891,135,6.6,1.481,2.971,1.4,75.889,1.235,4.087,1.498,93.122
287.92,60.024,666,895,133,6.729,1.479,2.971,1.399,75.152,1.234,4.09,1.499,93.165
288.93,60.024,673,900,133,6.767,1.478,2.965,1.397,74.388,1.235,4.094,1.5,93.251
289.94,60.024,655,904,133,6.797,1.479,2.97,1.399,74.465,1.235,4.092,1.499,93.159
290.94,60.024,660,910,133,6.842,1.477,2.969,1.399,74.462,1.237,4.096,1.499,93.457
291.96,59.952,689,910,130,7,1.478,2.964,1.398,73.955,1.236,4.104,1.499,93.488
292.98,59.952,678,907,129,7.031,1.479,2.955,1.398,73.541,1.237,4.105,1.499,93.711
293.99,60.024,678,919,130,7.069,1.479,2.949,1.398,73.265,1.235,4.104,1.499,93.349
295,60.024,685,909,130,6.992,1.479,2.968,1.397,74.02,1.237,4.106,1.499,93.513
296.01,60.024,673,895,131,6.832,1.481,2.964,1.397,73.871,1.241,4.111,1.5,93.862
297.02,60.024,671,883,131,6.74,1.479,2.967,1.399,74.737,1.241,4.117,1.502,94.01
298.02,60.024,671,874,132,6.621,1.476,2.967,1.403,74.945,1.243,4.121,1.504,94.091
299.04,60.024,698,873,131,6.664,1.477,2.966,1.399,73.846,1.244,4.121,1.504,94.083
300.04,60.024,702,871,130,6.7,1.477,2.963,1.397,73.439,1.245,4.122,1.504,94.249
301.05,30.012,703,878,131,6.702,1.476,2.966,1.401,73.804,1.244,4.125,1.504,94.349
302.06,60.024,701,874,130,6.723,1.475,2.969,1.402,74.079,1.243,4.129,1.505,94.47
303.06,60.024,694,892,126,7.079,1.476,2.961,1.403,73.713,1.242,4.133,1.506,94.604
304.07,60.024,688,900,126,7.143,1.474,2.973,1.405,74.207,1.24,4.137,1.506,94.557
305.08,30.012,675,901,127,7.094,1.475,2.966,1.406,73.922,1.239,4.14,1.506,94.505
306.09,60.024,682,901,126,7.151,1.477,2.975,1.406,74.211,1.24,4.142,1.507,94.726
307.11,60.024,680,901,125,7.208,1.477,2.976,1.408,74.5,1.241,4.142,1.507,94.749
308.11,60.024,659,898,128,7.016,1.475,2.999,1.409,76.022,1.241,4.143,1.507,94.606
309.11,30.012,668,892,130,6.862,1.474,2.996,1.407,75.535,1.239,4.14,1.507,94.292
310.12,60.024,626,889,130,6.838,1.475,2.996,1.408,75.535,1.24,4.146,1.507,94.332
311.13,60.024,634,890,131,6.794,1.477,2.995,1.408,75.28,1.237,4.146,1.506,94.193
312.14,60.024,669,885,128,6.914,1.478,3.005,1.413,76.59,1.24,4.148,1.507,94.245
313.14,60.024,669,886,124,7.145,1.481,2.988,1.405,75.057,1.241,4.15,1.507,94.272
314.15,60.024,659,882,125,7.056,1.482,2.984,1.405,74.862,1.242,4.147,1.506,94.119
315.16,29.994,664,892,124,7.194,1.483,2.962,1.402,73.654,1.244,4.15,1.507,94.358
316.19,59.952,654,897,124,7.234,1.483,2.945,1.401,72.995,1.245,4.149,1.507,94.157
317.19,29.994,647,906,121,7.488,1.484,2.937,1.402,73.139,1.246,4.148,1.507,94.087
318.21,29.994,633,902,122,7.393,1.483,2.945,1.401,72.854,1.246,4.151,1.506,94.132
319.21,60.024,641,906,124,7.306,1.482,2.957,1.404,73.704,1.248,4.155,1.507,94.239
320.21,59.952,668,906,124,7.306,1.484,2.958,1.404,72.821,1.249,4.157,1.507,94.245
321.21,29.994,689,904,123,7.35,1.485,2.964,1.403,73.643,1.249,4.159,1.507,94.202
322.22,59.952,663,894,126,7.095,1.485,2.969,1.402,73.49,1.249,4.158,1.507,94.261
323.22,59.952,655,888,129,6.884,1.483,2.971,1.404,74.652,1.247,4.155,1.507,94.366
324.25,60.024,632,875,128,6.836,1.482,2.978,1.405,74.782,1.252,4.154,1.507,94.681
325.26,60.024,657,875,131,6.679,1.484,2.993,1.406,75.277,1.256,4.154,1.508,94.712
326.27,60.024,648,878,130,6.754,1.485,2.994,1.408,75.564,1.258,4.158,1.509,94.775
327.28,60.024,650,883,131,6.74,1.484,2.993,1.407,75.306,1.258,4.156,1.509,94.753
328.3,60.024,639,887,132,6.72,1.483,2.99,1.405,75.005,1.259,4.154,1.51,94.785
329.31,59.952,621,885,134,6.604,1.483,3.007,1.407,76.47,1.257,4.154,1.51,94.655
330.31,59.952,625,884,136,6.5,1.479,3.013,1.406,76.259,1.257,4.155,1.508,94.672
331.32,59.952,623,891,137,6.504,1.482,3.013,1.406,76.526,1.256,4.155,1.51,94.626
332.32,59.952,648,903,140,6.45,1.48,2.995,1.403,75.114,1.255,4.155,1.51,94.777
333.33,60.024,655,896,142,6.31,1.48,2.999,1.406,75.673,1.254,4.155,1.511,94.653
334.33,60.024,678,887,139,6.381,1.48,2.995,1.403,75.536,1.255,4.159,1.512,94.767
335.33,60.024,662,890,136,6.544,1.481,3.003,1.402,74.462,1.255,4.158,1.513,94.694
336.34,60.024,658,872,135,6.459,1.481,3.006,1.402,74.159,1.256,4.164,1.512,94.87
337.36,29.994,659,878,129,6.806,1.481,2.982,1.399,72.486,1.254,4.163,1.512,94.726
338.37,60.024,662,872,128,6.813,1.476,2.965,1.399,71.354,1.255,4.165,1.512,94.847
339.38,59.952,685,886,128,6.922,1.477,2.967,1.399,71.354,1.254,4.166,1.513,94.913
340.39,60.024,689,887,127,6.984,1.476,2.96,1.395,70.408,1.255,4.17,1.513,94.9
341.39,59.952,674,877,124,7.073,1.472,2.964,1.395,70.489,1.257,4.167,1.513,94.643
342.4,29.994,673,885,125,7.08,1.473,2.954,1.398,72.166,1.256,4.17,1.514,94.78
343.42,60.024,681,893,128,6.977,1.475,2.941,1.398,72.25,1.253,4.172,1.514,94.877
344.44,60.024,672,892,127,7.024,1.474,2.942,1.399,72.519,1.253,4.174,1.515,94.746
345.44,30.012,663,894,127,7.039,1.474,2.935,1.397,71.83,1.252,4.169,1.515,94.577
346.46,60.024,654,896,127,7.055,1.475,2.933,1.4,72.36,1.253,4.169,1.516,94.379
347.46,60.024,650,895,130,6.885,1.476,2.947,1.404,73.705,1.252,4.168,1.516,94.584
348.48,60.024,659,890,132,6.742,1.479,2.959,1.404,74.331,1.255,4.172,1.518,94.657
349.49,59.952,664,879,132,6.659,1.481,2.968,1.407,75.004,1.257,4.173,1.518,94.785
350.5,60.024,679,876,131,6.687,1.484,2.963,1.408,75.296,1.256,4.174,1.519,94.851
351.5,59.952,695,882,129,6.837,1.485,2.956,1.41,75.765,1.256,4.172,1.519,94.694
352.5,29.994,704,881,127,6.937,1.488,2.953,1.413,76.978,1.255,4.173,1.52,94.718
353.51,60.024,700,875,127,6.89,1.488,2.956,1.409,75.56,1.255,4.172,1.52,94.717
354.52,59.952,708,870,130,6.692,1.488,2.954,1.407,75.367,1.257,4.174,1.522,94.802
355.52,60.024,719,861,127,6.78,1.49,2.953,1.403,74.725,1.257,4.177,1.523,94.949
356.53,59.952,690,864,127,6.803,1.491,2.962,1.404,75.428,1.258,4.178,1.523,94.968
357.54,59.952,667,861,132,6.523,1.49,2.95,1.409,76.415,1.259,4.174,1.523,94.909
358.55,60.024,687,871,132,6.598,1.491,2.952,1.404,75.9,1.259,4.175,1.524,94.943
359.56,59.952,698,868,133,6.526,1.49,2.946,1.407,76.136,1.259,4.177,1.525,95.214
360.56,29.994,698,862,138,6.246,1.49,2.936,1.404,74.779,1.261,4.174,1.525,95.087
361.56,60.024,661,863,140,6.164,1.49,2.94,1.404,74.152,1.259,4.174,1.525,95.103
362.58,60.024,678,862,139,6.201,1.491,2.951,1.404,74.419,1.259,4.174,1.527,95.106
363.59,59.952,715,855,141,6.064,1.491,2.936,1.402,73.836,1.26,4.177,1.527,95.43
364.6,29.994,721,843,143,5.895,1.492,2.943,1.405,75.22,1.261,4.18,1.528,95.396
365.6,60.024,732,855,142,6.021,1.492,2.938,1.403,74.683,1.262,4.181,1.527,95.421
366.6,59.952,734,840,142,5.915,1.491,2.93,1.4,74.62,1.266,4.185,1.527,95.57
367.61,59.952,749,842,143,5.888,1.491,2.923,1.399,74.825,1.264,4.184,1.528,95.467
368.61,60.024,739,837,140,5.979,1.492,2.919,1.401,74.317,1.263,4.187,1.528,95.419
369.63,59.952,727,840,143,5.874,1.492,2.941,1.405,75.884,1.262,4.182,1.527,95.402
370.63,59.952,740,835,139,6.007,1.493,2.945,1.406,76.42,1.26,4.179,1.526,95.248
371.63,29.994,736,838,141,5.943,1.494,2.945,1.407,76.815,1.26,4.177,1.527,94.958
372.63,29.994,752,838,140,5.986,1.494,2.949,1.406,76.431,1.261,4.176,1.528,95.071
373.64,59.952,755,835,143,5.839,1.491,2.954,1.406,76.078,1.26,4.174,1.528,94.921
374.64,60.024,716,838,142,5.901,1.49,2.963,1.409,76.76,1.261,4.179,1.529,95.13
375.65,60.024,708,835,142,5.88,1.49,2.948,1.406,76.238,1.263,4.181,1.528,95.349
376.66,60.024,741,835,142,5.88,1.491,2.959,1.406,76.31,1.262,4.18,1.528,95.253
377.66,59.952,697,831,141,5.894,1.492,2.959,1.407,76.582,1.261,4.184,1.529,95.393
378.67,60.024,713,818,143,5.72,1.494,2.959,1.408,76.575,1.264,4.186,1.529,95.57
379.68,60.024,710,827,144,5.743,1.494,2.955,1.409,76.765,1.262,4.19,1.529,95.515
380.69,60.024,705,819,145,5.648,1.495,2.955,1.41,77.075,1.262,4.196,1.529,95.768
381.69,60.024,729,825,144,5.729,1.494,2.958,1.408,76.821,1.262,4.194,1.529,95.833
382.7,60.024,721,827,146,5.664,1.496,2.958,1.408,77.158,1.262,4.192,1.526,95.822
383.71,30.012,728,818,149,5.49,1.495,2.96,1.41,77.926,1.262,4.191,1.527,95.757
384.72,60.024,725,809,148,5.466,1.498,2.956,1.414,78.146,1.263,4.192,1.526,95.912
385.72,60.024,723,814,150,5.427,1.499,2.948,1.414,78.587,1.266,4.191,1.525,95.996
386.74,60.024,713,814,151,5.391,1.5,2.939,1.414,78.315,1.265,4.194,1.525,96.025
387.74,60.024,709,820,149,5.503,1.503,2.95,1.418,79.779,1.263,4.194,1.525,95.884
388.74,60.024,705,823,149,5.523,1.502,2.948,1.418,80.228,1.262,4.193,1.525,95.776
389.74,60.024,738,826,149,5.544,1.504,2.947,1.42,80.824,1.262,4.189,1.525,95.741
390.75,60.024,723,835,152,5.493,1.502,2.943,1.419,80.202,1.261,4.19,1.526,95.595
391.76,60.024,720,847,151,5.609,1.502,2.945,1.419,80.644,1.26,4.191,1.526,95.217
392.78,60.024,723,838,153,5.477,1.503,2.939,1.419,80.614,1.261,4.196,1.526,95.232
393.78,29.994,716,835,152,5.493,1.502,2.944,1.42,80.872,1.262,4.196,1.528,95.309
394.79,60.024,710,834,151,5.523,1.502,2.946,1.421,81.744,1.264,4.202,1.528,95.427
395.8,60.024,680,828,152,5.447,1.503,2.955,1.423,81.891,1.265,4.205,1.528,95.456
396.82,59.952,700,824,150,5.493,1.504,2.967,1.423,82.632,1.267,4.206,1.528,95.644
397.82,60.024,696,829,149,5.564,1.504,2.961,1.42,81.986,1.267,4.205,1.529,95.567
398.84,59.952,689,827,150,5.513,1.504,2.962,1.42,82.697,1.269,4.202,1.529,95.664
399.85,59.952,704,829,152,5.454,1.503,2.956,1.42,81.763,1.267,4.201,1.53,95.435
400.86,59.952,728,829,151,5.49,1.501,2.968,1.423,82.188,1.267,4.2,1.53,95.327
401.86,59.952,701,834,150,5.56,1.501,2.974,1.423,82.325,1.267,4.201,1.529,95.397
402.86,29.994,686,848,150,5.653,1.5,2.981,1.423,82.409,1.267,4.202,1.53,95.417
403.87,59.952,703,839,150,5.593,1.5,2.979,1.423,82.325,1.266,4.202,1.531,95.424
404.88,60.024,718,834,154,5.416,1.498,2.977,1.422,82.788,1.265,4.206,1.531,95.522
405.89,59.952,732,824,152,5.421,1.496,2.984,1.419,82.889,1.265,4.208,1.532,95.693
406.9,60.024,736,821,153,5.366,1.495,2.981,1.417,82.09,1.265,4.207,1.531,95.729
407.92,60.024,756,823,151,5.45,1.497,2.979,1.417,82.085,1.264,4.208,1.53,95.59
408.93,30.012,750,821,148,5.547,1.497,2.985,1.415,82.555,1.265,4.209,1.531,95.677
409.94,60.024,733,829,151,5.49,1.497,2.999,1.414,82.74,1.265,4.209,1.531,95.848
410.95,60.024,727,832,149,5.584,1.497,2.992,1.415,82.318,1.268,4.208,1.532,95.935
411.97,60.024,706,822,154,5.338,1.5,2.988,1.417,82.931,1.271,4.21,1.532,96.263
412.98,59.952,739,809,154,5.253,1.504,2.993,1.419,84.441,1.27,4.211,1.533,96.409
413.99,60.024,758,811,153,5.301,1.505,3.001,1.419,85.253,1.273,4.214,1.535,96.587
414.99,60.024,770,811,151,5.371,1.503,3,1.419,85.131,1.272,4.216,1.535,96.563
416,59.952,745,810,153,5.294,1.502,3,1.419,85.604,1.27,4.214,1.535,96.371
417.02,59.952,758,801,158,5.07,1.505,3.019,1.424,86.797,1.271,4.213,1.535,96.375
418.02,59.952,752,813,157,5.178,1.505,3.016,1.425,87.448,1.271,4.215,1.535,96.581
419.04,59.952,759,815,155,5.258,1.506,3.011,1.425,87.521,1.273,4.216,1.535,96.685
420.05,60.024,762,800,157,5.096,1.506,3.014,1.425,87.302,1.273,4.218,1.535,96.706
421.05,60.024,774,798,156,5.115,1.506,3.011,1.426,87.572,1.273,4.223,1.535,96.616
422.07,60.024,795,787,157,5.013,1.506,3.023,1.429,88.259,1.272,4.225,1.536,96.857
423.07,60.024,812,785,159,4.937,1.505,3.027,1.432,89.877,1.274,4.229,1.538,97.171
424.09,60.024,823,783,161,4.863,1.504,3.034,1.435,89.603,1.273,4.232,1.537,97.138
425.11,60.024,854,771,160,4.819,1.504,3.038,1.435,89.228,1.274,4.229,1.536,97.05
426.11,29.994,874,774,159,4.868,1.504,3.036,1.434,88.992,1.275,4.229,1.536,97.082
427.12,60.024,875,777,160,4.856,1.503,3.033,1.435,89.267,1.274,4.227,1.536,97.157
428.13,60.024,863,767,159,4.824,1.502,3.031,1.433,88.959,1.274,4.225,1.537,96.98
429.13,30.012,860,770,159,4.843,1.503,3.036,1.437,89.979,1.277,4.229,1.539,96.98
430.13,60.024,861,774,157,4.93,1.501,3.033,1.437,89.517,1.274,4.229,1.539,96.798
431.15,59.952,880,771,160,4.819,1.501,3.013,1.434,88.477,1.274,4.23,1.541,96.756
432.18,59.952,890,791,159,4.975,1.502,3.011,1.433,88.244,1.273,4.234,1.541,96.804
433.19,60.024,876,797,159,5.013,1.502,3.021,1.434,88.51,1.276,4.235,1.541,96.779
434.21,60.024,874,789,159,4.962,1.499,3.01,1.432,88.055,1.274,4.238,1.542,96.766
435.23,60.024,848,796,158,5.038,1.498,3.016,1.433,88.283,1.274,4.241,1.542,96.817
436.24,29.994,823,815,157,5.191,1.498,3.022,1.434,89.107,1.273,4.24,1.541,96.875
437.25,59.952,820,828,160,5.175,1.498,3.032,1.435,88.934,1.273,4.237,1.541,96.679
438.26,30.012,834,833,158,5.272,1.499,3.035,1.436,89.089,1.275,4.236,1.54,96.691
439.27,59.952,835,838,156,5.372,1.499,3.039,1.433,89.031,1.276,4.234,1.54,96.751
440.27,29.994,819,833,152,5.48,1.498,3.041,1.434,89.28,1.278,4.231,1.541,96.754
441.28,29.994,847,829,150,5.527,1.499,3.043,1.434,89.887,1.277,4.231,1.542,96.587
442.29,59.952,829,818,147,5.565,1.5,3.044,1.434,89.841,1.278,4.228,1.543,96.64
443.3,59.952,811,816,146,5.589,1.497,3.041,1.433,89.596,1.279,4.228,1.544,96.657
444.3,59.952,818,824,143,5.762,1.498,3.03,1.43,88.912,1.277,4.227,1.545,96.502
445.31,60.024,793,815,139,5.863,1.499,3.023,1.432,89.47,1.277,4.229,1.545,96.445
446.32,59.952,800,823,138,5.964,1.498,3.018,1.432,88.953,1.279,4.231,1.544,96.573
447.32,59.952,785,827,133,6.218,1.497,2.998,1.426,87.09,1.278,4.233,1.544,96.731
448.32,59.952,755,828,137,6.044,1.499,3.005,1.429,88.529,1.278,4.235,1.544,96.599
449.32,60.024,747,828,134,6.179,1.498,3.004,1.429,88.305,1.279,4.237,1.545,96.517
450.32,60.024,707,830,135,6.148,1.498,3.009,1.43,88.301,1.278,4.237,1.546,96.339
451.32,60.024,715,837,132,6.341,1.499,3.002,1.431,88.681,1.276,4.237,1.547,96.315
452.33,60.024,724,844,133,6.346,1.499,3.008,1.429,88.987,1.278,4.238,1.546,96.358
453.35,59.952,722,848,135,6.281,1.5,3.008,1.427,89.778,1.277,4.24,1.546,96.321
454.36,29.994,720,840,135,6.222,1.5,3.012,1.43,89.825,1.277,4.242,1.546,96.549
455.37,59.952,698,837,137,6.109,1.499,3.021,1.431,89.802,1.278,4.248,1.546,96.644
456.38,60.024,713,823,138,5.964,1.499,3.017,1.43,89.912,1.278,4.249,1.547,96.752
457.39,59.952,715,813,135,6.022,1.498,3.027,1.433,91.143,1.279,4.254,1.547,96.928
458.4,60.024,734,806,134,6.015,1.498,3.028,1.434,91.567,1.28,4.254,1.547,96.83
459.41,60.024,743,802,134,5.985,1.501,3.024,1.437,91.715,1.278,4.254,1.547,96.764
460.42,60.024,728,813,134,6.067,1.501,3.024,1.437,91.715,1.277,4.255,1.549,96.895
461.42,60.024,754,814,134,6.075,1.501,3.032,1.441,92.198,1.277,4.259,1.548,96.857
462.43,60.024,744,810,134,6.045,1.505,3.044,1.443,93.175,1.279,4.263,1.548,96.913
463.45,60.024,767,813,137,5.934,1.504,3.045,1.448,94.328,1.279,4.259,1.548,96.824
464.45,60.024,796,805,136,5.919,1.503,3.049,1.446,94.099,1.28,4.258,1.548,96.82
465.46,60.024,802,806,137,5.883,1.503,3.054,1.446,94.245,1.281,4.259,1.548,96.741
466.46,60.024,802,812,136,5.971,1.502,3.058,1.448,94.081,1.282,4.261,1.547,96.85
467.47,60.024,779,816,133,6.135,1.502,3.057,1.451,93.127,1.281,4.26,1.548,96.812
468.48,60.024,758,818,131,6.244,1.502,3.062,1.452,92.771,1.28,4.262,1.549,96.899
469.48,60.024,718,825,131,6.298,1.501,3.066,1.456,92.936,1.277,4.264,1.549,96.936
470.48,60.024,691,835,130,6.423,1.499,3.07,1.457,92.49,1.277,4.264,1.548,96.878
471.5,60.024,675,841,127,6.622,1.506,3.077,1.462,93.836,1.274,4.264,1.548,96.581
472.51,60.024,674,836,128,6.531,1.507,3.085,1.467,95.316,1.273,4.263,1.549,96.761
473.51,60.024,687,822,128,6.422,1.508,3.103,1.471,96.08,1.274,4.267,1.55,96.817
474.53,60.024,704,825,127,6.496,1.508,3.11,1.471,95.628,1.275,4.265,1.549,96.839
475.53,60.024,703,828,127,6.52,1.511,3.132,1.474,95.432,1.275,4.266,1.549,97.018
476.55,60.024,695,820,127,6.457,1.508,3.149,1.476,95.485,1.276,4.259,1.548,96.781
477.55,60.024,689,825,123,6.707,1.509,3.159,1.481,96.129,1.276,4.259,1.548,96.699
478.55,60.024,683,819,125,6.552,1.509,3.157,1.48,95.717,1.276,4.261,1.549,96.826
479.56,60.024,673,824,125,6.592,1.508,3.166,1.48,95.323,1.277,4.264,1.549,96.945
480.57,30.012,703,829,124,6.685,1.506,3.168,1.479,95.055,1.275,4.264,1.548,96.764
481.57,60.024,697,835,123,6.789,1.505,3.189,1.483,95.477,1.274,4.264,1.549,96.759
482.58,29.994,704,825,123,6.707,1.506,3.189,1.483,95.58,1.274,4.263,1.55,96.726
483.58,60.024,695,840,122,6.885,1.505,3.197,1.484,95.854,1.274,4.26,1.55,96.668
484.59,60.024,707,850,123,6.911,1.506,3.194,1.482,96.325,1.274,4.26,1.549,96.752
485.61,30.012,700,842,123,6.846,1.508,3.202,1.483,97.021,1.274,4.264,1.549,96.724
486.63,59.952,713,838,124,6.758,1.509,3.197,1.484,97.333,1.273,4.262,1.548,96.792
487.63,59.952,699,839,126,6.659,1.509,3.198,1.485,97.338,1.275,4.264,1.548,97.03
488.63,60.024,666,822,131,6.275,1.509,3.19,1.48,97.02,1.276,4.268,1.548,97.094
489.65,59.952,664,823,134,6.142,1.508,3.183,1.479,96.694,1.277,4.264,1.548,97.185
490.65,60.024,674,826,138,5.986,1.508,3.179,1.479,97.108,1.278,4.264,1.549,97.133
491.66,59.952,671,840,138,6.087,1.508,3.171,1.478,96.919,1.277,4.268,1.549,97.255
492.67,29.994,683,839,134,6.261,1.506,3.173,1.475,96.793,1.279,4.271,1.549,97.281
493.68,59.952,694,835,132,6.326,1.507,3.164,1.471,95.972,1.281,4.272,1.55,97.364
494.7,60.024,664,827,133,6.218,1.508,3.171,1.472,96.195,1.281,4.278,1.551,97.325
495.72,60.024,670,832,137,6.073,1.507,3.163,1.471,96.056,1.28,4.28,1.551,97.313
496.73,60.024,674,833,138,6.036,1.506,3.159,1.47,95.959,1.278,4.282,1.55,97.327
497.73,60.024,684,829,138,6.007,1.506,3.159,1.47,95.959,1.275,4.285,1.549,96.872
498.73,60.024,725,827,134,6.172,1.505,3.152,1.467,95.106,1.274,4.283,1.549,96.663
499.73,60.024,755,807,135,5.978,1.506,3.143,1.466,95.171,1.276,4.282,1.55,96.632
500.75,60.024,727,803,133,6.038,1.503,3.141,1.467,95.487,1.278,4.283,1.55,96.892
501.75,60.024,724,812,136,5.971,1.503,3.144,1.467,95.264,1.279,4.286,1.551,97.189
502.75,60.024,707,803,134,5.993,1.505,3.143,1.469,96.175,1.279,4.289,1.551,97.296
503.76,60.024,713,797,132,6.038,1.506,3.142,1.47,96.499,1.281,4.289,1.551,97.27
504.76,60.024,733,790,128,6.172,1.507,3.156,1.47,96.826,1.28,4.288,1.551,97.203
505.77,60.024,710,800,127,6.299,1.508,3.165,1.475,97.208,1.282,4.289,1.55,97.207
506.78,60.024,702,789,130,6.069,1.508,3.177,1.479,98.103,1.283,4.288,1.551,97.1
507.79,30.012,674,794,129,6.155,1.508,3.173,1.48,97.704,1.284,4.289,1.55,97.091
508.81,60.024,689,796,131,6.076,1.512,3.174,1.475,97.234,1.284,4.289,1.551,97.116
509.82,60.024,694,798,129,6.186,1.512,3.166,1.474,96.883,1.283,4.288,1.552,97.159
510.82,30.012,712,793,127,6.244,1.512,3.164,1.472,97.3,1.285,4.289,1.552,97.174
511.83,60.024,706,792,132,6,1.513,3.156,1.476,98.072,1.286,4.291,1.552,97.259
512.83,60.024,705,793,131,6.053,1.514,3.158,1.475,97.939,1.285,4.294,1.552,97.185
513.84,60.024,697,789,137,5.759,1.511,3.161,1.473,98.029,1.284,4.292,1.553,97.204
514.85,60.024,723,792,134,5.91,1.51,3.16,1.471,97.377,1.283,4.291,1.553,97.17
515.85,60.024,752,789,133,5.932,1.51,3.156,1.47,97.165,1.286,4.294,1.553,97.353
516.86,60.024,738,792,132,6,1.51,3.156,1.473,96.922,1.285,4.293,1.552,97.444
517.86,60.024,739,800,129,6.202,1.511,3.165,1.478,98.221,1.286,4.293,1.552,97.301
518.86,60.024,766,795,130,6.115,1.511,3.167,1.479,99.185,1.286,4.291,1.552,97.284
519.87,60.024,766,804,130,6.185,1.511,3.17,1.479,99.185,1.287,4.289,1.551,97.283
520.89,30.012,761,796,129,6.171,1.51,3.169,1.48,99.756,1.289,4.29,1.551,97.269
521.9,29.994,751,797,132,6.038,1.507,3.183,1.482,99.806,1.29,4.288,1.551,97.261
522.91,29.994,755,795,129,6.163,1.51,3.188,1.485,100.544,1.29,4.288,1.552,97.419
523.91,60.024,785,794,130,6.108,1.51,3.204,1.486,100.346,1.286,4.281,1.551,97.337
524.93,60.024,781,787,128,6.148,1.513,3.211,1.491,101.187,1.285,4.278,1.551,97.112
525.94,29.994,765,789,127,6.213,1.512,3.208,1.491,101.175,1.285,4.28,1.551,97.11
526.95,30.012,761,799,129,6.194,1.511,3.212,1.491,101.288,1.282,4.28,1.551,97.115
527.96,60.024,782,806,128,6.297,1.511,3.202,1.489,100.659,1.281,4.283,1.551,97.069
528.97,29.994,786,806,128,6.297,1.511,3.194,1.487,99.936,1.282,4.279,1.551,96.944
529.98,60.024,805,815,129,6.318,1.514,3.204,1.489,100.823,1.283,4.28,1.551,96.98
531,59.952,801,818,128,6.391,1.513,3.203,1.488,100.619,1.283,4.283,1.551,96.956
532.01,60.024,803,807,127,6.354,1.511,3.199,1.486,99.885,1.287,4.286,1.552,97.229
533.02,29.994,804,813,129,6.302,1.51,3.194,1.484,99.672,1.286,4.285,1.552,97.101
534.02,29.994,783,811,131,6.191,1.512,3.2,1.488,100.817,1.287,4.29,1.553,97.217
535.04,59.952,772,803,130,6.177,1.513,3.203,1.489,101.553,1.29,4.292,1.553,97.178
536.05,60.024,760,799,126,6.341,1.513,3.205,1.49,101.898,1.292,4.293,1.553,97.372
537.06,60.024,745,792,120,6.6,1.517,3.218,1.497,103.437,1.293,4.294,1.552,97.319
538.06,60.024,761,782,123,6.358,1.517,3.217,1.499,103.825,1.292,4.294,1.552,97.488
539.07,60.024,757,789,123,6.415,1.518,3.236,1.505,105.118,1.294,4.294,1.554,97.692
540.08,60.024,788,795,122,6.516,1.516,3.232,1.507,105.044,1.295,4.296,1.555,97.836
541.1,60.024,779,789,120,6.575,1.515,3.233,1.507,104.987,1.296,4.297,1.555,97.891
542.1,60.024,742,796,123,6.472,1.512,3.251,1.508,105.11,1.295,4.299,1.555,97.703
543.11,60.024,737,792,121,6.545,1.513,3.247,1.507,105.055,1.296,4.299,1.554,97.59
544.12,60.024,729,797,123,6.48,1.511,3.251,1.508,105.11,1.297,4.302,1.553,97.806
545.13,60.024,739,800,121,6.612,1.511,3.263,1.51,105.804,1.297,4.299,1.553,97.857
546.13,60.024,753,809,120,6.742,1.513,3.279,1.51,106.157,1.298,4.3,1.553,97.75
547.14,60.024,772,808,121,6.678,1.514,3.282,1.509,106.223,1.299,4.3,1.552,97.795
548.15,60.024,760,798,116,6.879,1.515,3.275,1.512,105.705,1.3,4.304,1.553,97.943
549.16,60.024,787,793,114,6.956,1.517,3.282,1.513,106.16,1.301,4.305,1.553,98.015
550.16,60.024,762,789,111,7.108,1.518,3.264,1.512,105.53,1.3,4.304,1.552,98.088
551.18,60.024,739,790,111,7.117,1.517,3.271,1.511,105.622,1.298,4.307,1.553,98.157
552.18,60.024,739,794,111,7.153,1.518,3.27,1.51,104.708,1.298,4.306,1.553,98.164
553.2,59.952,719,795,108,7.361,1.521,3.28,1.509,105.293,1.297,4.31,1.553,98.283
554.2,60.024,733,787,109,7.22,1.522,3.283,1.509,105.491,1.299,4.313,1.552,98.052
555.21,59.952,713,791,109,7.257,1.521,3.283,1.509,105.491,1.297,4.314,1.552,98.136
556.21,59.952,698,793,109,7.275,1.523,3.285,1.508,106.376,1.298,4.313,1.551,98.031
557.23,59.952,669,771,113,6.823,1.52,3.278,1.507,105.996,1.3,4.313,1.551,98.149
558.23,59.952,684,771,113,6.823,1.521,3.279,1.507,105.884,1.301,4.314,1.552,98.467
559.24,59.952,693,763,114,6.693,1.522,3.276,1.507,106.068,1.302,4.314,1.551,98.554
560.24,59.952,698,765,114,6.711,1.523,3.28,1.508,106.189,1.305,4.317,1.551,98.643
561.26,59.952,695,763,116,6.578,1.523,3.275,1.506,106.151,1.306,4.319,1.551,98.593
562.26,59.952,712,761,117,6.504,1.522,3.269,1.507,106.436,1.306,4.321,1.551,98.631
563.28,60.024,719,758,118,6.424,1.523,3.263,1.508,106.6,1.305,4.32,1.551,98.478
564.28,60.024,731,751,118,6.364,1.524,3.26,1.508,106.804,1.306,4.316,1.55,98.504
565.28,59.952,714,753,119,6.328,1.524,3.275,1.51,107.132,1.306,4.318,1.551,98.503
566.28,59.952,720,751,122,6.156,1.521,3.275,1.507,106.154,1.306,4.318,1.552,98.311
567.29,59.952,729,754,126,5.984,1.521,3.282,1.508,106.418,1.306,4.321,1.551,98.264
568.31,60.024,719,754,124,6.081,1.52,3.293,1.51,106.805,1.304,4.322,1.552,98.331
569.33,60.024,736,757,128,5.914,1.519,3.297,1.514,107.511,1.305,4.32,1.553,98.247
570.33,60.024,701,762,126,6.048,1.521,3.308,1.514,108.014,1.305,4.318,1.552,97.993
571.34,60.024,700,772,127,6.079,1.521,3.314,1.511,107.772,1.302,4.318,1.553,97.566
572.36,60.024,717,768,129,5.953,1.522,3.314,1.511,107.889,1.299,4.318,1.552,97.532
573.38,60.024,722,770,127,6.063,1.523,3.317,1.512,107.491,1.3,4.318,1.552,97.633
574.38,60.024,730,771,126,6.119,1.524,3.313,1.513,107.438,1.3,4.32,1.552,97.708
575.4,59.952,742,772,124,6.226,1.521,3.291,1.51,106.808,1.301,4.324,1.552,97.853
576.41,60.024,747,773,119,6.496,1.52,3.288,1.507,106.347,1.299,4.327,1.552,98.045
577.41,59.952,775,779,117,6.658,1.52,3.284,1.507,105.996,1.301,4.328,1.553,98.084
578.42,29.994,778,771,114,6.763,1.52,3.296,1.51,106.802,1.3,4.329,1.553,98.015
579.43,59.952,789,764,112,6.821,1.519,3.305,1.512,107.225,1.301,4.329,1.554,98.03
580.45,60.024,797,770,113,6.814,1.517,3.305,1.513,106.386,1.302,4.332,1.554,98.018
581.45,29.994,781,772,113,6.832,1.517,3.305,1.513,106.386,1.302,4.335,1.554,98.081
582.45,29.994,771,791,114,6.939,1.518,3.302,1.514,106.555,1.3,4.332,1.554,98.187
583.47,29.994,752,786,110,7.145,1.518,3.301,1.513,106.244,1.3,4.337,1.554,98.072
584.47,60.024,761,793,112,7.08,1.517,3.301,1.514,106.283,1.299,4.337,1.554,97.961
585.48,29.994,751,792,108,7.333,1.514,3.317,1.517,106.054,1.3,4.338,1.555,98.07
586.49,60.024,758,785,107,7.336,1.515,3.351,1.519,107.851,1.301,4.341,1.557,98.21
587.5,60.024,733,780,105,7.429,1.512,3.355,1.519,107.61,1.299,4.341,1.556,98.411
588.51,60.024,728,791,102,7.755,1.516,3.361,1.519,108.229,1.298,4.341,1.556,98.45
589.53,30.012,716,791,103,7.68,1.516,3.361,1.519,108.287,1.297,4.343,1.556,98.503
590.54,30.012,706,795,103,7.718,1.514,3.36,1.52,108.065,1.297,4.342,1.555,98.541
591.54,60.024,685,803,106,7.575,1.512,3.365,1.518,107.551,1.296,4.342,1.556,98.664
592.54,60.024,682,805,105,7.667,1.513,3.362,1.517,107.597,1.296,4.345,1.557,98.681
593.54,60.024,699,801,104,7.702,1.513,3.359,1.515,107.423,1.296,4.345,1.557,98.664
594.54,30.012,710,796,104,7.654,1.512,3.363,1.515,107.29,1.296,4.346,1.556,98.582
595.55,60.024,715,805,108,7.454,1.511,3.357,1.516,106.757,1.297,4.349,1.556,98.817
596.55,60.024,728,802,106,7.566,1.511,3.347,1.511,106.641,1.296,4.349,1.556,98.67
597.57,60.024,730,801,107,7.486,1.512,3.343,1.511,107.067,1.296,4.35,1.556,98.563
598.57,30.012,713,807,107,7.542,1.512,3.354,1.511,107.044,1.297,4.347,1.557,98.609
599.58,60.024,715,820,107,7.664,1.513,3.344,1.511,107.672,1.297,4.347,1.558,98.685
600.59,60.024,704,818,107,7.645,1.515,3.333,1.512,107.692,1.297,4.345,1.557,98.886
601.6,30.012,685,810,110,7.364,1.513,3.332,1.514,107.661,1.298,4.349,1.559,99.046
602.62,60.024,671,812,112,7.25,1.513,3.342,1.513,107.686,1.299,4.349,1.56,98.998
603.63,59.952,676,798,108,7.389,1.514,3.34,1.512,107.764,1.299,4.347,1.561,98.921
604.63,60.024,680,795,106,7.5,1.514,3.341,1.511,107.534,1.3,4.345,1.561,98.8
605.64,59.952,693,790,105,7.524,1.514,3.338,1.51,107.58,1.302,4.346,1.561,98.831
606.65,29.994,669,793,104,7.625,1.515,3.341,1.51,107.395,1.301,4.347,1.562,98.733
607.67,59.952,673,789,101,7.812,1.515,3.353,1.505,106.578,1.3,4.349,1.562,98.78
608.71,29.994,672,793,104,7.625,1.516,3.352,1.508,107.053,1.301,4.349,1.562,98.832
609.73,59.952,666,802,106,7.566,1.515,3.347,1.506,107.103,1.3,4.351,1.562,99.049
610.73,30.012,666,798,106,7.528,1.517,3.348,1.509,107.474,1.299,4.355,1.561,99.169
611.74,59.952,670,800,105,7.619,1.517,3.337,1.512,107.406,1.297,4.353,1.561,99.284
612.74,60.024,662,801,102,7.853,1.518,3.33,1.511,107.207,1.297,4.352,1.561,99.175
613.75,60.024,642,805,103,7.816,1.517,3.33,1.512,107.263,1.299,4.351,1.561,99.164
614.76,59.952,636,821,107,7.673,1.516,3.329,1.508,106.628,1.299,4.349,1.561,99.057
615.76,60.024,684,822,108,7.611,1.517,3.332,1.509,106.933,1.299,4.351,1.562,99.252
616.76,30.012,653,830,106,7.83,1.516,3.332,1.508,106.557,1.299,4.352,1.561,99.12
617.78,59.952,659,837,103,8.126,1.517,3.326,1.507,106.668,1.298,4.351,1.561,99.282
618.79,29.994,657,831,103,8.068,1.52,3.325,1.507,106.879,1.299,4.349,1.561,99.36
619.81,60.024,665,828,102,8.118,1.519,3.322,1.506,106.558,1.299,4.349,1.561,99.485
620.83,60.024,664,821,106,7.745,1.517,3.325,1.508,106.63,1.299,4.349,1.561,99.63
621.83,60.024,636,822,104,7.904,1.514,3.324,1.503,105.53,1.301,4.348,1.562,99.591
622.83,30.012,633,822,107,7.682,1.515,3.33,1.503,105.783,1.301,4.345,1.562,99.568
623.84,60.024,650,823,106,7.764,1.514,3.349,1.512,106.233,1.3,4.348,1.563,99.75
624.85,60.024,633,825,109,7.569,1.516,3.351,1.514,106.883,1.3,4.349,1.564,99.617
625.85,60.024,656,826,110,7.509,1.519,3.347,1.515,107.168,1.297,4.35,1.564,99.414
626.87,60.024,644,825,111,7.432,1.516,3.332,1.51,106.027,1.298,4.354,1.563,99.401
627.87,60.024,679,826,112,7.375,1.518,3.336,1.51,105.998,1.299,4.354,1.563,99.456
628.88,59.952,697,816,115,7.096,1.517,3.341,1.511,106.122,1.302,4.355,1.564,99.552
629.9,60.024,689,820,114,7.193,1.517,3.341,1.511,105.941,1.303,4.354,1.564,99.498
630.91,60.024,690,827,111,7.45,1.515,3.346,1.513,106.098,1.302,4.352,1.564,99.353
631.91,60.024,673,821,112,7.33,1.515,3.35,1.513,106.174,1.302,4.353,1.564,99.473
632.91,59.952,687,822,118,6.966,1.514,3.347,1.509,106.439,1.302,4.353,1.564,99.311
633.91,59.952,675,819,118,6.941,1.514,3.344,1.509,106.439,1.302,4.351,1.564,99.333
634.91,29.994,677,819,121,6.769,1.511,3.34,1.506,105.42,1.302,4.353,1.565,99.21
635.93,59.952,687,821,118,6.958,1.51,3.345,1.506,105.47,1.301,4.35,1.565,99.256
636.94,29.994,682,816,119,6.857,1.509,3.344,1.507,105.426,1.301,4.35,1.565,99.489
637.95,29.994,676,826,120,6.883,1.506,3.34,1.504,104.732,1.299,4.35,1.566,99.31
638.96,60.024,687,827,123,6.724,1.506,3.343,1.506,104.899,1.299,4.349,1.566,99.241
639.98,60.024,681,829,121,6.851,1.507,3.344,1.509,105.29,1.301,4.35,1.565,99.272
640.99,60.024,680,816,122,6.689,1.506,3.325,1.506,104.201,1.303,4.351,1.565,99.5
641.99,60.024,664,806,122,6.607,1.508,3.324,1.506,104.398,1.303,4.35,1.565,99.485
643,60.024,666,806,121,6.661,1.507,3.321,1.505,103.979,1.301,4.351,1.566,99.503
644.01,60.024,679,797,121,6.587,1.506,3.328,1.508,104.149,1.302,4.352,1.565,99.552
645.02,60.024,659,799,121,6.603,1.507,3.34,1.509,104.911,1.3,4.352,1.564,99.218
646.04,59.952,660,805,120,6.708,1.505,3.33,1.507,105.152,1.301,4.352,1.566,99.125
647.06,59.952,677,812,120,6.767,1.504,3.326,1.504,104.374,1.299,4.352,1.565,99.033
648.08,60.024,697,818,117,6.991,1.504,3.32,1.503,104.21,1.3,4.352,1.565,99.119
649.09,60.024,705,822,118,6.966,1.502,3.323,1.504,104.189,1.299,4.351,1.566,99.261
650.11,30.012,702,828,117,7.077,1.503,3.323,1.503,104.387,1.299,4.35,1.565,99.01
651.11,60.024,684,832,117,7.111,1.503,3.327,1.507,104.999,1.299,4.349,1.564,98.91
652.13,60.024,671,842,121,6.959,1.506,3.324,1.508,105.303,1.298,4.35,1.564,98.796
653.14,30.012,659,840,120,7,1.506,3.317,1.509,105.324,1.298,4.351,1.564,98.793
654.15,59.952,651,828,122,6.787,1.505,3.323,1.51,105.574,1.3,4.35,1.563,98.706
655.18,29.994,669,821,124,6.621,1.505,3.326,1.512,105.51,1.3,4.349,1.564,98.463
656.18,29.994,669,820,119,6.891,1.502,3.317,1.511,104.609,1.3,4.349,1.564,98.577
657.19,60.024,699,820,120,6.833,1.499,3.322,1.511,104.393,1.3,4.352,1.563,98.616
658.2,59.952,699,826,120,6.883,1.501,3.322,1.511,104.594,1.299,4.351,1.563,98.719
659.22,60.024,707,830,118,7.034,1.502,3.322,1.509,104.548,1.301,4.352,1.564,98.772
660.23,60.024,723,834,119,7.008,1.505,3.336,1.513,105.759,1.299,4.352,1.563,98.812
661.23,60.024,700,834,120,6.95,1.505,3.332,1.511,105.85,1.301,4.353,1.564,98.873
662.24,60.024,688,826,118,7,1.501,3.335,1.509,105.505,1.304,4.353,1.565,98.788
663.24,60.024,684,821,114,7.202,1.504,3.329,1.509,105.399,1.306,4.354,1.565,98.919
664.25,60.024,682,815,112,7.277,1.501,3.329,1.507,104.914,1.307,4.353,1.566,98.929
665.27,60.024,676,825,114,7.237,1.5,3.331,1.505,104.333,1.307,4.351,1.565,98.935
666.27,29.994,713,826,113,7.31,1.496,3.33,1.501,103.389,1.307,4.352,1.565,98.865
667.28,60.024,720,828,114,7.263,1.495,3.324,1.5,102.873,1.306,4.352,1.565,98.782
668.28,60.024,712,829,112,7.402,1.495,3.318,1.499,102.773,1.307,4.352,1.565,98.673
669.29,60.024,715,822,109,7.541,1.496,3.316,1.5,102.192,1.308,4.351,1.566,98.78
670.31,60.024,712,831,109,7.624,1.496,3.316,1.5,102.192,1.308,4.349,1.567,98.835
671.31,60.024,722,819,106,7.726,1.496,3.309,1.498,101.961,1.306,4.354,1.566,98.816
672.33,60.024,742,815,107,7.617,1.497,3.313,1.497,102.3,1.305,4.359,1.566,98.896
673.33,60.024,727,822,109,7.541,1.499,3.316,1.495,101.84,1.303,4.358,1.566,98.753
674.35,29.994,708,827,110,7.518,1.498,3.319,1.496,101.848,1.305,4.358,1.566,98.767
675.36,59.952,710,829,111,7.468,1.498,3.312,1.496,101.764,1.303,4.36,1.565,98.717
676.38,60.024,715,826,111,7.441,1.495,3.308,1.495,100.627,1.306,4.36,1.565,98.834
677.38,60.024,690,822,114,7.211,1.495,3.306,1.493,100.112,1.305,4.362,1.566,98.789
678.39,29.994,680,815,120,6.792,1.497,3.312,1.498,100.645,1.305,4.359,1.566,98.513
679.41,59.952,665,812,121,6.711,1.497,3.321,1.5,100.388,1.306,4.361,1.566,98.631
680.42,60.024,678,814,117,6.957,1.497,3.35,1.506,101.489,1.303,4.364,1.566,98.587
681.43,60.024,693,818,117,6.991,1.5,3.354,1.507,102.058,1.304,4.363,1.565,98.87
682.43,29.994,698,822,117,7.026,1.501,3.348,1.508,101.98,1.305,4.364,1.565,99.026
683.44,59.952,690,828,117,7.077,1.501,3.348,1.508,101.98,1.304,4.363,1.564,99.143
684.45,59.952,716,829,118,7.025,1.499,3.334,1.51,101.406,1.305,4.365,1.564,99.303
685.46,60.024,718,829,115,7.209,1.495,3.338,1.509,100.952,1.303,4.368,1.564,99.454
686.47,29.994,701,835,112,7.455,1.496,3.353,1.511,101.362,1.3,4.367,1.565,99.234
687.47,60.024,682,844,113,7.469,1.496,3.352,1.51,101.791,1.301,4.367,1.565,99.204
688.5,30.012,687,851,115,7.4,1.499,3.362,1.512,102.739,1.301,4.367,1.566,99.252
689.51,29.994,699,848,118,7.186,1.5,3.355,1.514,102.845,1.3,4.369,1.566,99.11
690.52,60.024,702,839,116,7.233,1.499,3.362,1.517,102.727,1.299,4.368,1.566,98.995
691.53,60.024,682,822,117,7.026,1.501,3.353,1.518,103.534,1.298,4.368,1.566,98.905
692.54,59.952,688,815,118,6.907,1.504,3.344,1.514,103.172,1.299,4.37,1.566,98.938
693.56,59.952,697,818,117,6.991,1.505,3.334,1.514,102.969,1.299,4.37,1.566,99.06
694.57,59.952,721,809,116,6.974,1.505,3.322,1.513,102.653,1.301,4.37,1.565,99.098
695.58,30.012,721,810,118,6.864,1.504,3.316,1.514,102.558,1.3,4.368,1.565,98.994
696.59,60.024,765,822,118,6.966,1.502,3.319,1.513,102.345,1.299,4.369,1.565,98.846
697.6,29.994,764,819,117,7,1.504,3.316,1.512,102.342,1.299,4.369,1.565,98.879
698.61,29.994,752,817,118,6.924,1.502,3.306,1.511,101.504,1.298,4.369,1.565,98.831
699.62,60.024,728,798,119,6.706,1.502,3.307,1.507,101.191,1.297,4.371,1.565,98.758
700.63,60.024,735,789,118,6.686,1.505,3.302,1.506,101.38,1.3,4.372,1.565,98.802
701.64,30.012,709,791,120,6.592,1.503,3.31,1.504,101.393,1.3,4.372,1.565,98.917
702.65,60.024,707,801,124,6.46,1.504,3.307,1.502,101.116,1.297,4.372,1.565,98.713
703.67,59.952,733,791,123,6.431,1.503,3.304,1.503,101.309,1.299,4.372,1.565,98.716
704.67,60.024,751,780,126,6.19,1.505,3.309,1.505,101.707,1.298,4.372,1.566,98.785
705.67,60.024,761,769,127,6.055,1.506,3.312,1.506,101.895,1.296,4.371,1.565,98.58
706.69,29.994,772,756,129,5.86,1.506,3.306,1.504,102.282,1.297,4.368,1.566,98.805
707.69,60.024,787,758,130,5.831,1.506,3.299,1.5,101.283,1.297,4.368,1.566,98.71
708.7,30.012,777,756,129,5.86,1.505,3.317,1.499,101.696,1.296,4.367,1.565,98.611
709.7,60.024,768,756,134,5.642,1.504,3.322,1.501,101.923,1.296,4.368,1.566,98.623
710.73,60.024,775,764,134,5.701,1.5,3.32,1.502,101.479,1.294,4.368,1.567,98.454
711.74,59.952,788,766,134,5.716,1.502,3.32,1.502,101.548,1.295,4.372,1.566,98.591
712.74,59.952,777,776,133,5.835,1.503,3.325,1.501,101.633,1.295,4.37,1.566,98.642
713.75,59.952,767,789,135,5.844,1.503,3.325,1.502,101.828,1.295,4.37,1.565,98.802
714.76,29.994,787,793,131,6.053,1.504,3.317,1.501,101.818,1.295,4.369,1.566,98.871
715.77,60.024,793,792,133,5.955,1.503,3.32,1.503,102.213,1.295,4.369,1.566,98.791
716.78,30.012,770,797,129,6.178,1.508,3.298,1.501,102.213,1.295,4.368,1.566,98.81
717.79,60.024,748,793,130,6.1,1.51,3.306,1.503,102.656,1.293,4.367,1.566,98.866
718.79,60.024,771,782,125,6.256,1.51,3.292,1.504,102.318,1.294,4.366,1.566,98.856
719.79,29.994,755,789,121,6.521,1.512,3.286,1.507,102.676,1.293,4.368,1.566,98.822
720.8,29.994,744,793,121,6.554,1.512,3.293,1.511,102.834,1.293,4.369,1.567,98.875
721.81,60.024,735,802,120,6.683,1.514,3.291,1.515,103.346,1.292,4.369,1.566,98.94
722.82,60.024,721,789,121,6.521,1.512,3.285,1.513,103.456,1.295,4.366,1.566,99.094
723.82,60.024,711,786,118,6.661,1.51,3.287,1.513,103.993,1.295,4.366,1.566,99.199
724.84,60.024,736,792,120,6.6,1.515,3.3,1.515,104.992,1.296,4.367,1.567,98.901
725.84,60.024,718,789,122,6.467,1.512,3.292,1.515,104.9,1.295,4.368,1.567,98.867
726.86,59.952,697,789,122,6.467,1.512,3.292,1.515,104.9,1.294,4.368,1.567,98.951
727.86,59.952,691,787,118,6.669,1.514,3.279,1.511,104.12,1.296,4.371,1.567,99.006
728.87,59.952,674,792,118,6.712,1.513,3.279,1.513,104.629,1.295,4.371,1.566,98.882
729.88,59.952,686,794,120,6.617,1.515,3.283,1.512,104.788,1.296,4.373,1.567,99.036
730.9,30.012,671,792,123,6.439,1.515,3.281,1.517,105.66,1.296,4.374,1.566,99.19
731.91,30.012,670,800,120,6.667,1.516,3.289,1.517,105.617,1.298,4.372,1.567,99.15
732.93,30.012,683,802,122,6.574,1.515,3.29,1.515,105.768,1.296,4.374,1.567,99.213
733.94,60.024,672,808,118,6.847,1.517,3.28,1.512,105.87,1.297,4.375,1.567,99.183
734.96,60.024,658,810,118,6.864,1.518,3.283,1.511,106.064,1.298,4.376,1.568,99.395
735.97,60.024,662,810,117,6.923,1.519,3.281,1.513,106.41,1.299,4.375,1.568,99.412
736.99,29.994,672,808,115,7.026,1.52,3.281,1.513,106.531,1.298,4.372,1.568,99.474
738,29.994,658,807,113,7.142,1.52,3.29,1.514,106.262,1.299,4.377,1.567,99.503
739.02,60.024,642,809,115,7.035,1.52,3.296,1.515,106.509,1.3,4.377,1.568,99.632
740.04,60.024,643,811,116,6.991,1.52,3.303,1.515,106.466,1.3,4.376,1.567,99.655
741.05,60.024,672,821,113,7.265,1.516,3.302,1.512,105.835,1.301,4.373,1.567,99.46
742.06,60.024,670,823,110,7.482,1.52,3.287,1.516,106.383,1.3,4.372,1.566,99.337
743.07,60.024,658,828,111,7.459,1.518,3.283,1.515,106.465,1.3,4.372,1.566,99.325
744.09,59.952,652,814,110,7.4,1.519,3.279,1.515,106.28,1.3,4.372,1.567,99.496
745.1,60.024,649,811,111,7.306,1.518,3.286,1.516,106.341,1.3,4.374,1.567,99.495
746.13,29.994,680,813,110,7.391,1.519,3.286,1.516,106.373,1.3,4.374,1.568,99.402
747.13,60.024,694,804,110,7.309,1.521,3.283,1.516,106.281,1.3,4.374,1.568,99.374
748.13,60.024,692,795,110,7.227,1.519,3.273,1.516,106.074,1.3,4.375,1.567,99.56
749.14,60.024,674,792,109,7.266,1.519,3.286,1.518,106.69,1.298,4.375,1.568,99.548
750.14,60.024,642,793,114,6.956,1.521,3.287,1.517,106.807,1.299,4.375,1.567,99.569
751.14,59.952,627,793,118,6.72,1.52,3.285,1.516,106.863,1.301,4.375,1.567,99.704
752.15,60.024,653,791,120,6.592,1.524,3.289,1.519,107.59,1.301,4.373,1.568,99.781
753.17,60.024,673,780,123,6.341,1.524,3.299,1.52,107.751,1.3,4.376,1.567,99.936
754.17,60.024,678,784,121,6.479,1.523,3.293,1.521,107.675,1.302,4.375,1.567,99.901
755.17,60.024,712,776,121,6.413,1.525,3.29,1.521,107.854,1.302,4.373,1.566,99.711
756.19,60.024,687,772,125,6.176,1.523,3.288,1.52,107.876,1.302,4.373,1.567,99.841
757.2,60.024,701,763,122,6.254,1.523,3.281,1.519,107.514,1.303,4.371,1.567,99.89
758.22,30.012,705,764,124,6.161,1.523,3.284,1.517,107.354,1.303,4.371,1.567,99.828
759.22,60.024,701,768,126,6.095,1.524,3.302,1.516,108.021,1.301,4.369,1.568,99.905
760.22,60.024,706,777,124,6.266,1.524,3.308,1.517,108.345,1.303,4.368,1.568,100.012
761.23,30.012,713,778,124,6.274,1.525,3.314,1.52,108.316,1.302,4.368,1.568,100.021
762.24,60.024,713,787,125,6.296,1.523,3.314,1.519,108.271,1.303,4.367,1.568,100.106
763.26,60.024,708,789,125,6.312,1.524,3.317,1.518,108.261,1.303,4.366,1.568,99.96
764.27,59.952,718,790,126,6.27,1.524,3.317,1.518,108.188,1.304,4.364,1.568,99.901
765.28,59.952,730,781,124,6.298,1.528,3.314,1.519,108.369,1.305,4.362,1.569,100.064
766.29,59.952,755,789,120,6.575,1.53,3.316,1.516,108.155,1.305,4.362,1.568,99.924
767.3,60.024,762,776,116,6.69,1.53,3.31,1.515,108.35,1.305,4.363,1.568,99.907
768.3,59.952,776,783,112,6.991,1.531,3.301,1.515,108.041,1.304,4.362,1.567,99.856
769.32,60.024,764,765,109,7.018,1.532,3.298,1.514,108.092,1.304,4.363,1.567,99.982
770.32,60.024,737,755,110,6.864,1.531,3.298,1.515,108.147,1.302,4.364,1.567,99.877
771.33,60.024,746,761,111,6.856,1.53,3.303,1.518,108.403,1.301,4.362,1.567,99.825
772.34,60.024,765,768,109,7.046,1.532,3.312,1.514,108.577,1.303,4.364,1.567,99.942
773.36,60.024,762,767,109,7.037,1.53,3.312,1.513,108.472,1.3,4.364,1.566,99.838
774.37,59.952,746,763,108,7.065,1.531,3.318,1.516,108.736,1.3,4.364,1.565,99.677
775.38,60.024,747,773,108,7.157,1.534,3.318,1.518,108.832,1.3,4.364,1.564,99.773
776.39,59.952,751,775,105,7.381,1.533,3.318,1.519,108.788,1.299,4.366,1.564,99.62
777.39,59.952,745,769,110,6.991,1.535,3.324,1.521,109.136,1.297,4.365,1.565,99.539
778.4,60.024,717,774,110,7.036,1.535,3.324,1.522,109.344,1.298,4.366,1.564,99.893
779.42,60.024,705,776,110,7.055,1.536,3.324,1.522,109.458,1.298,4.369,1.563,99.878
780.44,30.012,693,775,113,6.858,1.538,3.323,1.523,109.876,1.299,4.368,1.564,99.926
781.44,30.012,664,779,111,7.018,1.537,3.323,1.52,109.075,1.3,4.365,1.564,99.919
782.46,60.024,705,782,111,7.045,1.537,3.323,1.52,109.075,1.299,4.367,1.564,99.816
783.48,29.994,704,791,108,7.324,1.533,3.322,1.519,108.945,1.298,4.368,1.564,99.889
784.49,59.952,704,783,110,7.118,1.532,3.299,1.522,108.092,1.3,4.37,1.565,100.017
785.49,60.024,735,771,110,7.009,1.532,3.302,1.52,108.092,1.301,4.368,1.565,100.168
786.49,60.024,733,772,109,7.083,1.533,3.293,1.516,107.418,1.301,4.369,1.565,99.855
787.5,59.952,759,769,108,7.12,1.533,3.284,1.516,107.261,1.301,4.369,1.564,99.915
788.5,60.024,754,763,110,6.936,1.534,3.287,1.517,107.583,1.301,4.37,1.564,99.88
789.52,59.952,739,773,112,6.902,1.533,3.285,1.518,107.477,1.301,4.371,1.564,99.915
790.52,60.024,741,779,112,6.955,1.533,3.282,1.52,107.274,1.301,4.37,1.564,100.019
791.55,29.994,720,780,107,7.29,1.532,3.283,1.527,106.479,1.302,4.372,1.566,100.248
792.57,60.024,716,786,108,7.278,1.53,3.281,1.529,106.435,1.302,4.375,1.566,100.291
793.57,30.012,711,791,106,7.462,1.528,3.28,1.529,106.182,1.302,4.374,1.567,100.269
794.59,60.024,687,787,109,7.22,1.526,3.285,1.528,106.18,1.301,4.373,1.566,100.296
795.6,60.024,719,785,113,6.947,1.531,3.29,1.529,106.665,1.3,4.373,1.566,100.28
796.61,60.024,719,786,111,7.081,1.534,3.286,1.53,106.324,1.3,4.372,1.565,100.233
797.63,60.024,723,800,111,7.207,1.534,3.28,1.529,106.21,1.301,4.375,1.565,100.079
798.65,29.994,742,801,111,7.216,1.536,3.28,1.531,106.415,1.303,4.375,1.565,100.152
799.65,59.952,713,793,114,6.956,1.536,3.274,1.529,106.84,1.302,4.372,1.565,100.211
800.67,60.024,689,800,112,7.143,1.539,3.269,1.527,106.215,1.303,4.372,1.566,100.296
801.68,60.024,697,797,110,7.245,1.54,3.256,1.525,105.384,1.302,4.371,1.566,100.234
802.69,60.024,695,793,111,7.144,1.539,3.248,1.522,104.743,1.303,4.368,1.566,100.212
803.7,60.024,702,786,111,7.081,1.538,3.244,1.521,104.64,1.303,4.365,1.566,100.194
804.71,30.012,714,781,111,7.036,1.538,3.238,1.521,104.752,1.3,4.368,1.566,100.188
805.72,60.024,739,773,108,7.157,1.537,3.248,1.52,104.596,1.3,4.366,1.566,100.136
806.73,30.012,773,769,102,7.539,1.541,3.234,1.519,103.583,1.3,4.366,1.566,100.204
807.73,60.024,771,761,104,7.317,1.54,3.233,1.52,103.676,1.301,4.366,1.565,100.344
808.74,60.024,734,774,103,7.515,1.54,3.233,1.52,103.575,1.302,4.37,1.566,100.324
809.74,60.024,740,781,102,7.657,1.541,3.232,1.52,103.46,1.301,4.372,1.566,100.489
810.75,60.024,717,781,102,7.657,1.539,3.228,1.519,102.779,1.3,4.369,1.566,100.342
811.76,60.024,717,793,102,7.775,1.539,3.234,1.519,102.904,1.301,4.369,1.566,100.299
812.77,60.024,708,797,100,7.97,1.539,3.23,1.52,103.241,1.301,4.37,1.565,100.371
813.77,60.024,704,798,98,8.143,1.54,3.235,1.52,103.252,1.299,4.372,1.564,100.443
814.79,60.024,701,805,98,8.214,1.54,3.235,1.52,103.135,1.3,4.371,1.564,100.45
815.8,60.024,675,810,96,8.438,1.54,3.23,1.521,102.906,1.3,4.372,1.564,100.418
816.8,60.024,685,808,98,8.245,1.538,3.225,1.521,102.914,1.299,4.372,1.564,100.359
817.8,60.024,683,808,97,8.33,1.542,3.22,1.521,103.045,1.3,4.369,1.564,100.357
818.81,60.024,660,819,100,8.19,1.543,3.211,1.52,103.253,1.302,4.366,1.564,100.394
819.82,60.024,647,808,97,8.33,1.542,3.231,1.527,105.084,1.301,4.364,1.565,100.242
820.82,60.024,667,801,98,8.173,1.541,3.229,1.526,104.839,1.301,4.366,1.565,100.233
821.84,60.024,678,811,100,8.11,1.542,3.235,1.526,105.253,1.301,4.366,1.565,100.261
822.85,59.952,676,811,98,8.276,1.541,3.24,1.526,105.188,1.301,4.368,1.564,100.378
823.85,60.024,677,815,97,8.402,1.543,3.239,1.527,105.213,1.3,4.366,1.564,100.386
824.87,60.024,648,833,97,8.588,1.545,3.238,1.527,105.344,1.3,4.362,1.563,100.213
825.88,60.024,629,826,96,8.604,1.544,3.242,1.529,106.088,1.298,4.361,1.562,100.185
826.88,60.024,653,823,100,8.23,1.544,3.252,1.528,106.79,1.298,4.363,1.563,100.35
827.89,60.024,656,821,99,8.293,1.543,3.237,1.527,105.805,1.298,4.363,1.563,100.262
828.9,59.952,650,825,100,8.25,1.544,3.239,1.528,105.774,1.3,4.364,1.563,100.352
829.9,60.024,658,815,100,8.15,1.546,3.251,1.529,106.467,1.298,4.365,1.563,100.192
830.91,59.952,620,802,100,8.02,1.544,3.268,1.531,107.665,1.3,4.363,1.564,100.17
831.91,60.024,620,791,101,7.832,1.544,3.262,1.532,107.503,1.298,4.362,1.564,100.001
832.91,60.024,637,784,105,7.467,1.543,3.274,1.529,107.659,1.297,4.363,1.564,100.067
833.93,59.952,647,792,106,7.472,1.544,3.28,1.524,106.616,1.298,4.362,1.564,100.118
834.93,60.024,641,797,105,7.59,1.548,3.286,1.525,107.424,1.299,4.364,1.564,100.192
835.93,60.024,664,807,107,7.542,1.546,3.271,1.527,107.219,1.298,4.363,1.564,100.135
836.95,59.952,666,808,109,7.413,1.546,3.272,1.528,107.241,1.298,4.363,1.564,100.245
837.96,59.952,682,814,111,7.333,1.543,3.276,1.529,107.296,1.296,4.362,1.565,100.163
838.97,20,668,815,109,7.477,1.545,3.29,1.53,107.981,1.294,4.361,1.565,100.127
839.98,29.994,669,815,111,7.342,1.546,3.293,1.533,108.72,1.293,4.363,1.566,100.223
840.98,59.952,654,806,111,7.261,1.546,3.288,1.536,108.812,1.294,4.362,1.566,100.425
842,20,669,807,111,7.27,1.548,3.299,1.538,109.458,1.295,4.362,1.566,100.525
843,59.952,674,805,108,7.454,1.549,3.282,1.539,109.327,1.295,4.361,1.565,100.621
844.01,59.952,663,798,112,7.125,1.55,3.292,1.538,109.57,1.296,4.362,1.565,100.757
845.02,60.024,678,801,113,7.088,1.55,3.289,1.539,109.51,1.297,4.361,1.565,100.674
846.04,60.024,691,799,113,7.071,1.55,3.284,1.54,109.397,1.297,4.361,1.565,100.676
847.05,60.024,706,800,117,6.838,1.551,3.293,1.543,110.038,1.295,4.361,1.565,100.592
848.05,60.024,725,794,116,6.845,1.552,3.293,1.542,110.101,1.294,4.362,1.566,100.528
849.06,60.024,732,784,115,6.817,1.552,3.296,1.543,110.066,1.296,4.361,1.566,100.535
850.08,60.024,727,786,115,6.835,1.554,3.293,1.543,109.945,1.294,4.36,1.566,100.562
851.1,60.024,734,779,116,6.716,1.552,3.293,1.544,110.091,1.294,4.361,1.566,100.816
852.1,60.024,742,771,115,6.704,1.552,3.29,1.544,110.056,1.294,4.362,1.567,100.92
853.12,59.952,746,759,117,6.487,1.551,3.288,1.542,110.214,1.293,4.361,1.568,100.857
854.12,60.024,701,776,120,6.467,1.554,3.284,1.543,110.018,1.292,4.364,1.568,100.856
855.14,59.952,700,772,116,6.655,1.556,3.277,1.544,109.875,1.293,4.366,1.568,101.018
856.15,60.024,715,772,116,6.655,1.556,3.265,1.544,109.788,1.295,4.364,1.568,101.043
857.17,60.024,727,779,119,6.546,1.557,3.269,1.545,110.303,1.294,4.366,1.568,101.074
858.17,30.012,717,779,120,6.492,1.556,3.267,1.544,110.228,1.294,4.365,1.567,101.121
859.18,59.952,737,794,116,6.845,1.556,3.262,1.544,110.102,1.294,4.367,1.568,101.051
860.18,60.024,735,781,116,6.733,1.556,3.257,1.544,109.993,1.295,4.367,1.567,101.11
861.18,60.024,711,792,117,6.769,1.556,3.26,1.544,110.126,1.292,4.369,1.568,101.081
862.2,60.024,708,792,118,6.712,1.556,3.261,1.544,110.247,1.293,4.365,1.568,100.974
863.21,60.024,737,791,119,6.647,1.554,3.258,1.545,110.012,1.295,4.363,1.568,101.166
864.21,30.012,747,789,118,6.686,1.555,3.255,1.544,109.762,1.294,4.361,1.568,101.011
865.23,30.012,772,777,119,6.529,1.557,3.252,1.546,109.799,1.296,4.359,1.569,101.067
866.25,60.024,739,778,119,6.538,1.554,3.254,1.549,110.686,1.295,4.36,1.569,100.958
867.27,59.952,749,779,118,6.602,1.554,3.256,1.549,110.754,1.294,4.362,1.57,101.064
868.28,59.952,724,790,118,6.695,1.553,3.251,1.549,110.657,1.293,4.363,1.571,100.957
869.29,59.952,703,794,117,6.786,1.553,3.243,1.552,111.236,1.294,4.364,1.57,101.009
870.3,60.024,697,794,119,6.672,1.551,3.241,1.553,111.274,1.292,4.366,1.57,100.913
871.3,59.952,741,801,119,6.731,1.553,3.239,1.552,110.612,1.291,4.368,1.569,100.852
872.32,60.024,715,801,115,6.965,1.552,3.249,1.554,111.105,1.292,4.366,1.568,100.86
873.32,59.952,727,794,115,6.904,1.555,3.252,1.552,111.115,1.29,4.365,1.569,100.877
874.33,60.024,704,793,115,6.896,1.555,3.242,1.552,111.115,1.291,4.364,1.568,100.927
875.34,60.024,686,800,115,6.957,1.553,3.219,1.555,110.807,1.289,4.365,1.567,100.898
876.35,59.952,674,807,113,7.142,1.555,3.223,1.554,110.95,1.289,4.362,1.567,101.079
877.35,60.024,706,806,112,7.196,1.554,3.228,1.554,110.84,1.291,4.362,1.567,101.105
878.35,29.994,701,811,109,7.44,1.56,3.226,1.553,110.854,1.291,4.363,1.567,101.032
879.37,59.952,712,805,109,7.385,1.56,3.226,1.553,110.854,1.291,4.366,1.568,100.971
880.37,60.024,745,792,108,7.333,1.56,3.22,1.551,110.398,1.293,4.365,1.568,101.016
881.39,59.952,777,793,109,7.275,1.561,3.221,1.55,110.328,1.294,4.362,1.568,100.897
882.4,59.952,792,801,110,7.282,1.561,3.225,1.55,110.467,1.293,4.36,1.568,100.983
883.42,60.024,763,794,110,7.218,1.563,3.219,1.552,110.363,1.294,4.359,1.568,101.073
884.43,60.024,760,795,109,7.294,1.563,3.215,1.551,110.294,1.293,4.357,1.569,101.028
885.45,60.024,740,804,108,7.444,1.565,3.227,1.55,110.458,1.293,4.359,1.569,101.107
886.46,29.994,729,805,108,7.454,1.565,3.224,1.551,110.552,1.295,4.36,1.568,101.053
887.47,59.952,726,804,108,7.444,1.565,3.221,1.552,110.563,1.293,4.361,1.568,101.074
888.47,60.024,747,801,111,7.216,1.566,3.226,1.552,110.889,1.294,4.363,1.568,101.093
889.48,59.952,769,792,112,7.071,1.562,3.248,1.555,111.009,1.295,4.364,1.569,101.19
890.48,60.024,752,787,111,7.09,1.559,3.242,1.555,110.753,1.295,4.36,1.569,101.345
891.48,60.024,750,784,112,7,1.56,3.252,1.553,110.987,1.295,4.36,1.569,101.249
892.5,59.952,749,776,111,6.991,1.561,3.245,1.551,110.867,1.297,4.361,1.569,101.446
893.51,60.024,729,779,112,6.955,1.561,3.243,1.551,110.998,1.296,4.36,1.569,101.581
894.51,29.994,716,782,113,6.92,1.56,3.246,1.552,111.218,1.298,4.361,1.57,101.742
895.51,59.952,715,777,110,7.064,1.559,3.241,1.551,111.148,1.3,4.363,1.571,101.878
896.53,59.952,701,778,109,7.138,1.559,3.24,1.551,111.131,1.301,4.361,1.57,101.798
897.54,60.024,715,785,110,7.136,1.558,3.236,1.551,111.147,1.3,4.36,1.571,101.879
898.55,59.952,709,774,109,7.101,1.56,3.239,1.551,111.13,1.298,4.36,1.572,101.825
899.55,59.952,691,770,109,7.064,1.56,3.239,1.551,111.13,1.3,4.359,1.572,101.849
900.55,59.952,702,772,110,7.018,1.56,3.242,1.546,110.638,1.303,4.359,1.571,101.93
901.57,59.952,707,777,112,6.938,1.56,3.249,1.547,110.691,1.303,4.361,1.572,102.037
902.57,29.994,724,775,112,6.92,1.561,3.252,1.547,110.793,1.302,4.359,1.572,102.012
903.59,59.952,717,777,113,6.876,1.56,3.269,1.547,110.914,1.302,4.361,1.571,102.046
904.6,60.024,722,775,113,6.858,1.563,3.268,1.546,110.925,1.303,4.361,1.571,102.13
905.61,60.024,724,774,115,6.73,1.563,3.256,1.545,110.195,1.305,4.363,1.571,102.405
906.62,60.024,722,764,117,6.53,1.564,3.262,1.546,110.341,1.305,4.365,1.57,102.465
907.63,60.024,735,756,117,6.462,1.562,3.262,1.545,110.341,1.305,4.364,1.571,102.462
908.64,60.024,745,767,118,6.5,1.563,3.262,1.545,110.373,1.305,4.367,1.571,102.392
909.64,60.024,736,771,116,6.647,1.563,3.262,1.548,110.198,1.303,4.367,1.571,102.467
910.65,60.024,740,778,116,6.707,1.564,3.259,1.55,110.969,1.302,4.369,1.571,102.368
911.65,60.024,738,788,117,6.735,1.564,3.257,1.548,110.713,1.301,4.373,1.572,102.404
912.67,60.024,731,788,118,6.678,1.564,3.266,1.547,110.752,1.303,4.373,1.571,102.423
913.68,60.024,746,781,115,6.791,1.566,3.268,1.547,110.663,1.302,4.374,1.571,102.495
914.7,59.952,765,777,115,6.757,1.568,3.271,1.546,110.739,1.301,4.373,1.571,102.514
915.7,60.024,767,767,115,6.67,1.566,3.263,1.548,110.639,1.302,4.375,1.572,102.569
916.7,29.994,760,767,118,6.5,1.568,3.261,1.548,110.719,1.303,4.376,1.572,102.706
917.72,29.994,765,754,114,6.614,1.568,3.26,1.551,110.388,1.302,4.377,1.572,102.89
918.73,59.952,758,757,112,6.759,1.567,3.274,1.553,111.034,1.301,4.377,1.571,102.951
919.73,59.952,765,761,107,7.112,1.569,3.277,1.553,110.995,1.298,4.378,1.571,102.808
920.74,59.952,801,761,106,7.179,1.567,3.277,1.553,111.18,1.297,4.378,1.57,102.899
921.74,59.952,791,766,107,7.159,1.565,3.284,1.552,111.326,1.296,4.379,1.57,102.77
922.76,60.024,778,772,104,7.423,1.562,3.287,1.554,112.104,1.296,4.379,1.57,102.903
923.77,59.952,754,760,106,7.17,1.56,3.28,1.554,112.251,1.296,4.379,1.57,102.913
924.78,60.024,765,757,104,7.279,1.558,3.281,1.554,112.006,1.296,4.379,1.571,103.009
925.79,60.024,751,760,105,7.238,1.559,3.281,1.554,111.917,1.296,4.38,1.571,103
926.81,60.024,720,770,105,7.333,1.562,3.304,1.557,113.103,1.296,4.381,1.571,102.986
927.83,60.024,728,772,102,7.569,1.563,3.318,1.557,113.083,1.297,4.38,1.57,103.089
928.84,59.952,699,773,102,7.578,1.563,3.318,1.557,113.083,1.296,4.383,1.57,103.027
929.84,60.024,695,773,107,7.224,1.563,3.326,1.557,113.24,1.298,4.382,1.57,103.023
930.85,60.024,700,780,104,7.5,1.563,3.323,1.557,113.103,1.298,4.383,1.569,102.901
931.85,60.024,662,785,103,7.621,1.563,3.323,1.558,112.993,1.298,4.382,1.569,102.935
932.86,60.024,670,781,105,7.438,1.564,3.316,1.559,113.016,1.299,4.38,1.57,102.913
933.87,59.952,660,780,104,7.5,1.565,3.329,1.559,113.005,1.3,4.379,1.571,102.922
934.88,59.952,641,781,102,7.657,1.566,3.328,1.558,113.083,1.299,4.381,1.571,102.871
935.88,59.952,685,779,102,7.637,1.565,3.335,1.562,112.849,1.298,4.379,1.572,102.87
936.89,60.024,661,776,105,7.39,1.566,3.324,1.562,112.681,1.299,4.38,1.572,103.062
937.9,59.952,660,773,107,7.224,1.565,3.331,1.562,112.579,1.3,4.38,1.573,103.006
938.91,60.024,645,769,106,7.255,1.57,3.334,1.56,112.888,1.3,4.382,1.574,103.08
939.92,60.024,637,775,106,7.311,1.57,3.334,1.56,112.888,1.3,4.383,1.574,103.055
940.94,60.024,674,769,106,7.255,1.57,3.334,1.56,112.888,1.3,4.382,1.574,103.047
941.96,60.024,686,783,109,7.183,1.568,3.348,1.56,112.818,1.301,4.384,1.574,103.163
942.96,60.024,681,782,107,7.308,1.57,3.349,1.56,112.793,1.3,4.388,1.573,103.213
943.96,60.024,677,778,106,7.34,1.57,3.349,1.558,112.78,1.299,4.391,1.574,103.176
944.96,60.024,667,777,106,7.33,1.569,3.332,1.557,112.794,1.299,4.392,1.574,102.998
945.97,60.024,668,782,104,7.519,1.57,3.325,1.556,112.888,1.3,4.394,1.574,103.095
946.97,29.994,673,789,103,7.66,1.571,3.33,1.555,113.133,1.3,4.395,1.574,103.094
947.98,29.994,672,799,108,7.398,1.57,3.337,1.555,113.277,1.299,4.396,1.574,103.065
948.98,60.024,667,801,106,7.557,1.57,3.32,1.553,112.971,1.3,4.396,1.574,103.237
950,60.024,671,789,104,7.587,1.57,3.32,1.554,112.828,1.301,4.396,1.574,103.267
951,30.012,680,787,106,7.425,1.57,3.317,1.555,112.853,1.3,4.396,1.574,102.991
952.01,60.024,675,790,105,7.524,1.571,3.304,1.555,112.537,1.299,4.395,1.574,102.855
953.01,60.024,668,799,103,7.757,1.571,3.294,1.554,112.505,1.299,4.397,1.574,102.627
954.01,60.024,671,800,103,7.767,1.571,3.294,1.553,112.616,1.3,4.398,1.575,102.649
955.01,60.024,681,798,103,7.748,1.571,3.294,1.554,112.616,1.299,4.398,1.575,102.651
956.03,60.024,688,796,105,7.581,1.571,3.297,1.555,112.742,1.3,4.401,1.575,102.743
957.03,60.024,712,788,106,7.434,1.573,3.287,1.555,112.658,1.301,4.4,1.575,102.714
958.04,60.024,692,786,105,7.486,1.574,3.293,1.555,112.655,1.301,4.4,1.574,102.852
959.05,60.024,702,789,106,7.443,1.576,3.29,1.553,112.465,1.302,4.4,1.574,102.876
960.06,60.024,701,789,109,7.239,1.575,3.285,1.552,112.522,1.303,4.402,1.574,102.834
961.07,60.024,696,787,109,7.22,1.572,3.285,1.552,112.522,1.302,4.401,1.574,102.838
962.07,60.024,703,782,109,7.174,1.571,3.287,1.55,112.638,1.302,4.402,1.574,102.935
963.08,60.024,679,781,111,7.036,1.57,3.262,1.549,111.614,1.303,4.404,1.573,103.129
964.08,60.024,691,780,109,7.156,1.57,3.264,1.55,111.462,1.303,4.404,1.573,103.017
965.09,60.024,707,775,110,7.045,1.57,3.257,1.549,111.269,1.302,4.404,1.574,102.952
966.09,60.024,736,774,110,7.036,1.571,3.235,1.55,111.382,1.3,4.404,1.573,102.769
967.1,60.024,716,773,111,6.964,1.571,3.239,1.551,111.397,1.299,4.403,1.574,102.808
968.11,60.024,711,770,113,6.814,1.572,3.241,1.552,111.547,1.3,4.404,1.574,102.833
969.11,60.024,707,786,116,6.776,1.572,3.225,1.551,111.231,1.299,4.403,1.574,102.814
970.12,60.024,722,781,114,6.851,1.573,3.225,1.553,111.48,1.299,4.404,1.574,102.81
971.13,60.024,760,772,113,6.832,1.577,3.216,1.553,111.264,1.299,4.403,1.574,102.927
972.14,60.024,754,772,115,6.713,1.578,3.218,1.553,111.414,1.3,4.402,1.574,103.107
973.14,60.024,761,768,115,6.678,1.579,3.21,1.555,111.314,1.3,4.401,1.574,103.027
974.15,60.024,773,770,115,6.696,1.578,3.207,1.555,111.314,1.3,4.404,1.575,102.99
975.16,60.024,793,765,116,6.595,1.578,3.211,1.556,111.447,1.3,4.405,1.573,103.038
976.17,60.024,803,764,116,6.586,1.579,3.216,1.553,111.969,1.299,4.404,1.573,103.043
977.17,60.024,784,768,116,6.621,1.579,3.23,1.553,112.155,1.299,4.403,1.572,103.077
978.19,30.012,802,761,114,6.675,1.58,3.226,1.554,111.797,1.299,4.403,1.572,102.922
979.2,60.024,810,766,115,6.661,1.579,3.236,1.555,111.986,1.298,4.404,1.572,102.78
980.21,60.024,835,764,115,6.643,1.579,3.228,1.555,111.986,1.299,4.404,1.573,102.696
981.22,60.024,816,760,114,6.667,1.578,3.221,1.555,111.867,1.298,4.402,1.573,102.67
982.23,29.994,827,759,112,6.777,1.579,3.219,1.553,112.06,1.297,4.403,1.572,102.51
983.23,60.024,846,766,110,6.964,1.58,3.241,1.555,112.738,1.297,4.404,1.571,102.471
984.25,60.024,864,764,110,6.945,1.58,3.237,1.555,112.508,1.296,4.406,1.571,102.32
985.26,60.024,874,762,112,6.804,1.58,3.25,1.553,112.731,1.298,4.408,1.572,102.597
986.28,60.024,894,755,113,6.681,1.58,3.26,1.552,112.542,1.298,4.406,1.572,102.578
987.29,59.952,904,759,114,6.658,1.58,3.272,1.552,112.656,1.298,4.408,1.572,102.724
988.29,60.024,907,758,113,6.708,1.578,3.263,1.554,112.542,1.296,4.408,1.572,102.473
989.31,59.952,862,758,118,6.424,1.575,3.277,1.551,112.395,1.297,4.41,1.572,102.525
990.31,59.952,845,764,118,6.475,1.575,3.285,1.551,112.299,1.299,4.41,1.572,102.8
991.32,29.994,850,756,117,6.462,1.575,3.288,1.55,112.097,1.301,4.411,1.572,102.955
992.34,60.024,808,772,116,6.655,1.575,3.285,1.55,111.971,1.301,4.413,1.572,102.931
993.34,59.952,805,777,117,6.641,1.575,3.293,1.55,112.185,1.302,4.413,1.572,103.13
994.35,59.952,823,773,118,6.551,1.575,3.285,1.551,112.202,1.301,4.416,1.572,103.274
995.36,60.024,824,768,116,6.621,1.575,3.276,1.551,112.267,1.301,4.416,1.572,103.281
996.36,59.952,839,762,119,6.403,1.573,3.267,1.553,111.931,1.301,4.416,1.573,103.333
997.36,59.952,824,767,119,6.445,1.573,3.275,1.553,112.036,1.302,4.416,1.572,103.326
998.38,60.024,816,772,115,6.713,1.573,3.279,1.553,111.863,1.303,4.416,1.572,103.339
999.39,60.024,807,776,113,6.867,1.572,3.276,1.553,111.549,1.303,4.413,1.572,103.326
1000.4,60.024,782,772,115,6.713,1.573,3.28,1.551,111.903,1.306,4.416,1.572,103.608
1001.4,29.994,790,775,114,6.798,1.574,3.285,1.55,111.983,1.306,4.417,1.572,103.523
1002.4,59.952,769,771,113,6.823,1.574,3.282,1.55,111.974,1.304,4.417,1.571,103.289
1003.41,60.024,764,770,112,6.875,1.574,3.282,1.55,111.852,1.302,4.418,1.571,103.104
1004.41,59.952,763,764,113,6.761,1.576,3.275,1.549,111.582,1.301,4.416,1.571,102.904
1005.41,29.994,741,759,110,6.9,1.577,3.27,1.55,111.263,1.302,4.416,1.572,103.013
1006.42,60.024,730,765,113,6.77,1.576,3.281,1.551,111.339,1.302,4.416,1.572,102.979
1007.43,59.952,734,762,111,6.865,1.576,3.295,1.549,110.99,1.302,4.417,1.572,102.815
1008.44,60.024,738,759,111,6.838,1.577,3.307,1.549,110.865,1.301,4.417,1.571,102.883
1009.45,29.994,741,758,109,6.954,1.575,3.304,1.55,111.003,1.301,4.418,1.571,102.871
1010.46,60.024,744,758,111,6.829,1.574,3.296,1.55,111.06,1.299,4.418,1.57,102.864
1011.47,60.024,722,765,112,6.83,1.574,3.296,1.551,110.986,1.299,4.419,1.57,102.784
1012.48,60.024,758,773,114,6.781,1.575,3.313,1.548,111.242,1.299,4.42,1.57,102.89
1013.49,60.024,766,769,111,6.928,1.577,3.318,1.552,112.274,1.298,4.416,1.57,102.807
1014.51,60.024,773,774,107,7.234,1.578,3.333,1.552,112.811,1.298,4.416,1.57,102.925
1015.51,60.024,760,782,107,7.308,1.578,3.314,1.552,112.61,1.299,4.415,1.57,102.936
1016.51,30.012,733,778,106,7.34,1.578,3.314,1.552,112.703,1.301,4.413,1.569,102.821
1017.52,60.024,701,781,104,7.51,1.578,3.303,1.553,112.894,1.3,4.413,1.569,102.805
1018.54,60.024,679,783,105,7.457,1.576,3.3,1.555,112.798,1.301,4.414,1.57,103.214
1019.56,59.952,647,783,105,7.457,1.576,3.293,1.554,112.917,1.301,4.414,1.57,103.274
1020.56,60.024,652,784,102,7.686,1.574,3.281,1.553,112.78,1.301,4.415,1.57,103.275
1021.57,60.024,662,786,102,7.706,1.574,3.281,1.553,112.78,1.301,4.416,1.569,103.357
1022.58,59.952,699,782,102,7.667,1.574,3.281,1.553,112.78,1.302,4.414,1.569,103.568
1023.58,29.994,713,775,106,7.311,1.575,3.255,1.552,112.735,1.304,4.414,1.569,103.572
1024.6,59.952,706,771,104,7.413,1.575,3.251,1.553,112.51,1.305,4.412,1.568,103.598
1025.6,59.952,723,778,105,7.41,1.575,3.262,1.553,112.96,1.305,4.413,1.569,103.489
1026.61,59.952,734,774,105,7.371,1.574,3.277,1.553,113.056,1.305,4.413,1.569,103.595
1027.63,60.024,715,779,107,7.28,1.574,3.281,1.554,113.301,1.305,4.413,1.569,103.483
1028.64,59.952,729,775,107,7.243,1.574,3.287,1.557,113.301,1.307,4.414,1.569,103.667
1029.67,60.024,726,788,104,7.577,1.572,3.279,1.557,112.936,1.305,4.414,1.57,103.692
1030.68,60.024,740,793,102,7.775,1.573,3.275,1.558,113.013,1.305,4.416,1.569,103.652
1031.7,59.952,748,802,104,7.712,1.573,3.275,1.556,112.925,1.305,4.415,1.57,103.682
1032.7,29.994,742,795,102,7.794,1.573,3.269,1.555,112.901,1.304,4.415,1.57,103.67
1033.71,59.952,744,797,103,7.738,1.572,3.26,1.559,112.801,1.302,4.417,1.57,103.471
1034.73,60.024,720,792,103,7.689,1.571,3.237,1.562,111.823,1.303,4.418,1.57,103.393
1035.73,60.024,730,796,103,7.728,1.572,3.237,1.562,111.823,1.303,4.419,1.571,103.239
